"","X_worker_id","X_trust","score","X_channel","X_country","X_region","X_city","X_ip","treatment","received_compliance_q","assigned","complied","treated","pct_score"
"1",11075499,0.2,0.2,"neodev","VEN","","","190.78.61.29","evaluation",0,1,0,0,20
"2",11582908,0.8333,0.8,"clixsense","SRB","00","Belgrade","93.86.237.192","evaluation",1,1,1,1,80
"3",11582908,1,0.6,"clixsense","SRB","","","178.220.88.15","publicgood",1,1,0,0,60
"4",16561726,1,1,"clixsense","","","","185.250.67.45","evaluation",0,1,0,0,100
"5",16712241,1,1,"clixsense","VEN","25","Caracas","190.72.145.5","publicgood",0,1,0,0,100
"6",16712241,1,0.96,"clixsense","VEN","25","Caracas","190.72.145.5","evaluation",1,1,1,1,96
"7",19638651,1,0.75,"clixsense","USA","SC","Murrells Inlet","98.122.122.239","publicgood",0,1,0,0,75
"8",21547955,1,1,"clixsense","BRA","26","Palhoca","170.254.84.1","control",0,0,0,0,100
"9",28786138,1,1,"clixsense","MKD","E3","Prilep","92.53.55.211","evaluation",0,1,0,0,100
"10",28863630,1,1,"clixsense","IND","02","Hyderabad","115.98.136.238","publicgood",0,1,0,0,100
"11",31298240,0.8,0.8,"neodev","VEN","13","Barquisimeto","200.8.174.243","evaluation",0,1,0,0,80
"12",31649759,1,1,"neodev","VEN","","","201.243.179.176","control",0,0,0,0,100
"13",31649759,1,1,"neodev","VEN","20","San Cristóbal","186.94.140.114","publicgood",0,1,0,0,100
"14",32108646,1,0.733333333333333,"clixsense","UKR","17","Odessa","91.203.138.8","evaluation",1,1,0,0,73.3333333333333
"15",32108646,1,1,"clixsense","UKR","17","Odessa","91.203.138.8","publicgood",0,1,0,0,100
"16",32254876,1,1,"neodev","SLV","05","Santa Tecla","179.5.196.115","publicgood",0,1,0,0,100
"17",32655193,1,1,"clixsense","SRB","02","Subotica","85.222.190.175","evaluation",0,1,0,0,100
"18",35354906,1,1,"clixsense","ITA","16","Livorno","93.32.77.133","publicgood",0,1,0,0,100
"19",35376158,1,0.8,"clixsense","COL","","","190.67.134.139","evaluation",1,1,1,1,80
"20",35747808,1,1,"clixsense","VEN","","","200.109.200.231","control",1,0,1,0,100
"21",36143603,1,1,"eup_slw","TUR","","","176.88.198.138","control",1,0,1,0,100
"22",36143603,1,1,"eup_slw","TUR","","","176.88.198.138","publicgood",1,1,1,1,100
"23",36404443,1,1,"clixsense","IND","02","Hyderabad","27.6.128.161","evaluation",0,1,0,0,100
"24",36957773,1,1,"neodev","ARG","05","Cordoba","181.28.7.100","control",1,0,1,0,100
"25",36985538,1,0.85,"neodev","VEN","","","186.93.114.206","control",1,0,1,0,85
"26",37061905,1,1,"clixsense","MEX","22","Querétaro","189.180.194.171","publicgood",0,1,0,0,100
"27",38436499,1,0.85,"neodev","VEN","25","Caracas","190.39.1.241","evaluation",1,1,1,1,85
"28",38661505,1,1,"neodev","VEN","15","San Antonio De Los Altos","181.17.1.97","control",0,0,0,0,100
"29",38661505,1,1,"neodev","VEN","25","Caracas","181.17.39.36","publicgood",0,1,0,0,100
"30",38948541,1,1,"neodev","VEN","","","186.94.46.84","control",0,0,0,0,100
"31",39103856,1,1,"neodev","VEN","02","Bergantín","201.242.113.239","evaluation",0,1,0,0,100
"32",39237911,1,1,"neodev","COL","02","Medellin","181.141.35.35","publicgood",0,1,0,0,100
"33",39661164,1,0.96,"neodev","VEN","","","186.90.174.20","control",1,0,1,0,96
"34",40544601,1,1,"neodev","VEN","13","Barquisimeto","186.91.229.87","publicgood",1,1,1,1,100
"35",41076644,1,0.8,"neodev","VEN","25","Caracas","190.72.174.15","evaluation",1,1,0,0,80
"36",41202032,0.8,0.8,"neodev","VEN","13","Barquisimeto","190.79.151.199","publicgood",0,1,0,0,80
"37",41311221,1,0.92,"clixsense","UKR","24","Lutsk","178.92.82.11","publicgood",1,1,1,1,92
"38",41347559,1,0.95,"clixsense","VEN","","","186.90.174.20","control",1,0,1,0,95
"39",41418535,1,1,"neodev","VEN","15","San Antonio De Los Altos","201.242.156.192","publicgood",0,1,0,0,100
"40",41841415,1,0.7,"neodev","VEN","19","Carúpano","190.206.252.252","control",1,0,0,0,70
"41",41923582,1,1,"clixsense","VEN","25","Caracas","190.201.128.249","evaluation",0,1,0,0,100
"42",42198358,1,0.933333333333333,"neodev","DZA","20","Blida","41.109.180.243","evaluation",1,1,1,1,93.3333333333333
"43",42782471,1,1,"clixsense","VEN","04","Cagua","186.92.126.229","publicgood",0,1,0,0,100
"44",42992185,1,0.65,"neodev","VEN","","","190.78.90.203","evaluation",1,1,0,0,65
"45",43514056,1,1,"clixsense","VEN","25","Caracas","190.202.205.149","publicgood",0,1,0,0,100
"46",43580574,1,1,"neodev","VEN","25","Caracas","190.204.134.69","publicgood",1,1,1,1,100
"47",43636927,1,1,"neodev","VEN","13","Barquisimeto","201.248.135.213","control",0,0,0,0,100
"48",43650017,1,0.92,"neodev","VEN","25","Caracas","186.94.206.222","control",1,0,1,0,92
"49",43671265,1,0.85,"neodev","VEN","","","186.90.196.247","control",1,0,0,0,85
"50",43684560,1,0.92,"neodev","VEN","","","186.95.243.52","publicgood",1,1,1,1,92
"51",43690212,1,1,"neodev","VEN","","","190.73.136.17","publicgood",1,1,1,1,100
"52",43690212,1,1,"neodev","VEN","16","Maturín","190.77.220.190","control",0,0,0,0,100
"53",43692556,1,0.95,"neodev","VEN","25","Caracas","186.90.189.8","control",1,0,1,0,95
"54",43721661,1,1,"neodev","EGY","","","156.219.74.82","evaluation",0,1,0,0,100
"55",43819817,1,1,"clixsense","VEN","23","Maracaibo","190.6.44.90","control",0,0,0,0,100
"56",43826177,1,1,"neodev","VEN","06","Ciudad Guayana","190.200.116.97","control",0,0,0,0,100
"57",43884562,1,1,"neodev","VEN","20","San Cristóbal","186.94.145.10","control",0,0,0,0,100
"58",43884562,1,1,"neodev","VEN","14","Mérida","186.94.134.249","publicgood",0,1,0,0,100
"59",43888475,1,1,"neodev","VEN","07","Valencia","190.206.9.227","publicgood",0,1,0,0,100
"60",43894015,1,1,"neodev","VEN","14","Mérida","186.94.131.163","publicgood",0,1,0,0,100
"61",43928055,1,0.9,"neodev","VEN","07","Valencia","190.205.221.49","evaluation",1,1,0,0,90
"62",44010783,1,1,"neodev","VEN","25","Caracas","186.167.242.11","evaluation",1,1,1,1,100
"63",44058261,1,0.866666666666667,"neodev","VEN","","","190.206.195.19","control",1,0,0,0,86.6666666666667
"64",44076457,1,0.96,"clixsense","VEN","25","Caracas","186.167.245.168","evaluation",1,1,1,1,96
"65",44079738,0.5,0.5,"clixsense","EGY","11","Cairo","197.38.223.136","publicgood",1,1,1,1,50
"66",44079738,1,0.92,"clixsense","EGY","","","197.38.6.124","evaluation",1,1,1,1,92
"67",44101988,0.9167,0.9,"clixsense","IND","10","Ladwa","49.32.59.102","control",1,0,1,0,90
"68",44144587,1,1,"neodev","VEN","25","Caracas","186.167.242.3","publicgood",0,1,0,0,100
"69",44159869,1,1,"clixsense","NIC","10","Managua","138.117.7.91","publicgood",1,1,1,1,100
"70",44165129,1,1,"neodev","VEN","19","Agua Fría","190.198.245.10","control",0,0,0,0,100
"71",44190274,1,1,"neodev","VEN","","","190.206.156.14","control",0,0,0,0,100
"72",44192774,1,1,"clixsense","IND","02","Palasa","103.44.14.213","evaluation",0,1,0,0,100
"73",44194675,1,1,"neodev","VEN","07","Valencia","186.14.129.209","control",0,0,0,0,100
"74",44194675,1,1,"neodev","VEN","07","Valencia","181.208.8.98","evaluation",0,1,0,0,100
"75",44222386,1,1,"neodev","VEN","25","Caracas","186.167.244.45","publicgood",0,1,0,0,100
"76",44223122,1,1,"neodev","VEN","25","Caracas","201.210.254.140","control",1,0,1,0,100
"77",44311593,1,0.9,"neodev","VEN","15","Guarenas","190.142.223.101","evaluation",1,1,1,1,90
"78",44314510,1,1,"neodev","VEN","04","Maracay","190.37.91.110","publicgood",0,1,0,0,100
"79",44318447,1,1,"neodev","VEN","20","San Cristóbal","186.95.251.220","publicgood",0,1,0,0,100
"80",44357992,1,1,"neodev","VEN","25","Caracas","186.188.11.67","publicgood",0,1,0,0,100
"81",44392447,1,0.9,"neodev","VEN","02","Barcelona","190.207.85.27","publicgood",1,1,1,1,90
"82",44393250,1,1,"clixsense","VNM","62","Dong Ha","222.252.243.171","control",0,0,0,0,100
"83",44433299,0.8,0.8,"neodev","VEN","25","Caracas","201.208.219.47","publicgood",0,1,0,0,80
"84",44434436,1,1,"clixsense","MDA","60","Balti","109.185.248.129","evaluation",0,1,0,0,100
"85",44475220,1,0.8,"neodev","VEN","02","Barcelona","190.207.65.239","control",1,0,0,0,80
"86",44475220,1,1,"neodev","VEN","","","201.242.125.115","evaluation",0,1,0,0,100
"87",44476229,1,0.8,"clixsense","TUR","55","Samsun","88.230.43.65","evaluation",1,1,1,1,80
"88",44500273,1,1,"neodev","VEN","15","Cúa","143.0.96.27","evaluation",0,1,0,0,100
"89",44502111,1,1,"neodev","VEN","04","Maracay","186.92.132.103","evaluation",1,1,1,1,100
"90",44505580,1,1,"neodev","VEN","25","Caracas","186.167.242.74","publicgood",0,1,0,0,100
"91",44517029,1,0.8,"clixsense","VEN","04","Maracay","190.37.66.112","publicgood",1,1,0,0,80
"92",44559403,1,1,"neodev","VEN","25","Caracas","186.88.31.38","control",0,0,0,0,100
"93",44569395,1,1,"clixsense","VEN","25","Caracas","186.185.181.135","publicgood",0,1,0,0,100
"94",44580994,1,1,"neodev","VEN","25","Caracas","186.185.147.7","publicgood",0,1,0,0,100
"95",44592322,0.6,0.6,"clixsense","TUR","75","Aksaray","78.176.109.125","publicgood",0,1,0,0,60
"96",44593879,1,1,"neodev","VEN","25","Caracas","190.202.205.236","control",0,0,0,0,100
"97",44601794,1,1,"neodev","VEN","","","190.201.112.25","control",0,0,0,0,100
"98",44606564,1,1,"clixsense","BGD","","","202.134.13.132","evaluation",0,1,0,0,100
"99",44626654,1,1,"neodev","VEN","15","Guarenas","186.14.29.59","evaluation",0,1,0,0,100
"100",44626654,1,1,"neodev","VEN","15","Guarenas","186.14.29.59","publicgood",0,1,0,0,100
"101",44628734,1,1,"clixsense","COL","","","161.18.103.38","control",0,0,0,0,100
"102",44630534,1,1,"clixsense","VEN","","","186.90.218.47","publicgood",0,1,0,0,100
"103",44678667,1,0.933333333333333,"neodev","VEN","","","201.210.223.159","control",1,0,1,0,93.3333333333333
"104",44678667,1,0.971428571428571,"neodev","VEN","20","San Cristóbal","186.95.225.72","publicgood",1,1,1,1,97.1428571428571
"105",44678667,1,0.96,"neodev","VEN","","","190.78.50.116","evaluation",1,1,1,1,96
"106",44681831,1,0.966666666666667,"neodev","VEN","","","201.210.222.106","control",1,0,1,0,96.6666666666667
"107",44681831,1,0.92,"neodev","VEN","","","190.78.36.118","publicgood",1,1,1,1,92
"108",44681831,1,0.914285714285714,"neodev","VEN","","","190.78.50.52","evaluation",1,1,1,1,91.4285714285714
"109",44695289,0.8,0.8,"clixsense","IDN","30","Tangerang","111.95.235.178","publicgood",0,1,0,0,80
"110",44732169,0.5,0.7,"clixsense","POL","","","5.173.179.248","publicgood",1,1,1,1,70
"111",44743138,1,1,"neodev","PER","15","Lima","190.237.168.205","publicgood",0,1,0,0,100
"112",44747839,1,0.7,"clixsense","VEN","25","Caracas","186.167.245.90","evaluation",1,1,1,1,70
"113",44749466,1,0.966666666666667,"neodev","VEN","20","San Cristóbal","186.95.241.164","publicgood",1,1,1,1,96.6666666666667
"114",44749466,1,0.916666666666667,"neodev","VEN","","","186.95.231.2","control",1,0,1,0,91.6666666666667
"115",44749466,1,0.975,"neodev","VEN","","","190.78.48.17","evaluation",1,1,1,1,97.5
"116",44770074,1,1,"clixsense","VEN","16","Alto De Los Godos","181.17.147.9","control",0,0,0,0,100
"117",44787880,1,1,"clixsense","VEN","","","190.76.249.139","publicgood",0,1,0,0,100
"118",44845129,1,1,"neodev","CHL","12","Santiago","190.160.11.30","control",1,0,1,0,100
"119",44845155,1,1,"clixsense","VEN","07","Valencia","190.199.203.241","control",0,0,0,0,100
"120",44912780,1,1,"clixsense","PER","15","Lima","181.176.96.80","publicgood",0,1,0,0,100
"121",44916295,1,1,"clixsense","RUS","","","90.154.4.56","publicgood",0,1,0,0,100
"122",44922586,1,0.7,"clixsense","UKR","03","Chernivtsi","109.229.28.233","evaluation",0,1,0,0,70
"123",44957095,0.9231,0.355555555555556,"gifthunterclub","ESP","54","Ciudad Real","185.61.205.219","publicgood",1,1,0,0,35.5555555555556
"124",44957095,1,0.771428571428571,"gifthunterclub","ESP","54","Ciudad Real","185.61.205.219","evaluation",1,1,0,0,77.1428571428572
"125",44978906,1,0.8,"clixsense","UKR","03","Chernivtsi","109.229.28.233","evaluation",1,1,1,1,80
"126",44979301,1,1,"neodev","VEN","18","Acarigua","190.207.146.62","control",0,0,0,0,100
"127",44985688,1,1,"neodev","VEN","","","190.77.206.30","control",0,0,0,0,100
"128",44985688,1,1,"neodev","VEN","","","190.198.136.216","publicgood",0,1,0,0,100
"129",44995421,1,0.7,"neodev","VEN","","","190.36.176.131","publicgood",1,1,0,0,70
"130",45008717,1,0.933333333333333,"clixsense","VEN","25","Caracas","186.167.251.147","evaluation",1,1,1,1,93.3333333333333
"131",45016061,1,0.75,"neodev","VEN","07","Valencia","190.203.64.122","publicgood",1,1,0,0,75
"132",45053577,1,1,"clixsense","UKR","03","Chernivtsi","109.229.28.233","publicgood",0,1,0,0,100
"133",45053577,1,0.75,"clixsense","UKR","03","Chernivtsi","109.229.28.233","evaluation",1,1,1,1,75
"134",45058546,1,1,"clixsense","USA","CT","Greenwich","65.249.163.133","control",0,0,0,0,100
"135",45061316,1,1,"neodev","VEN","","","190.200.14.151","evaluation",0,1,0,0,100
"136",45065671,1,0.733333333333333,"clixsense","VEN","02","Barcelona","190.207.64.202","control",1,0,0,0,73.3333333333333
"137",45074158,1,1,"clixsense","USA","FL","Miami","23.27.45.213","evaluation",0,1,0,0,100
"138",45080261,1,0.96,"clixsense","DEU","07","Oberhausen","2.247.243.44","publicgood",1,1,1,1,96
"139",45086319,1,1,"neodev","VEN","25","Caracas","201.210.245.106","control",0,0,0,0,100
"140",45120092,1,0.933333333333333,"clixsense","VEN","","","186.90.80.129","publicgood",1,1,1,1,93.3333333333333
"141",45120092,1,1,"clixsense","VEN","06","Puerto Ordaz","190.207.119.162","control",0,0,0,0,100
"142",45123800,1,0.933333333333333,"clixsense","VEN","","","190.74.167.247","publicgood",1,1,1,1,93.3333333333333
"143",45131917,1,0.963636363636364,"neodev","VEN","25","Caracas","201.243.196.131","control",1,0,1,0,96.3636363636364
"144",45136105,1,0.9,"clixsense","UKR","","","188.163.47.65","publicgood",1,1,1,1,90
"145",45136105,1,1,"clixsense","UKR","","","188.163.47.65","evaluation",1,1,1,1,100
"146",45137153,1,0.933333333333333,"feca","FRA","B5","Nantes","88.185.219.186","evaluation",1,1,1,1,93.3333333333333
"147",45155677,1,0.95,"feca","VEN","07","Valencia","190.202.185.192","control",1,0,1,0,95
"148",45155728,0.4,0.5,"feca","ROU","07","Botosani","79.115.146.248","publicgood",0,1,0,0,50
"149",45155800,1,0.7,"feca","SRB","00","Leskovac","178.149.137.120","evaluation",1,1,0,0,70
"150",45155862,1,1,"feca","SRB","02","Novi Sad","188.2.82.148","evaluation",0,1,0,0,100
"151",45156150,0.8333,0.9,"feca","EGY","06","Alexandria","197.50.143.203","publicgood",0,1,0,0,90
"152",45156150,1,0.8,"feca","EGY","06","Alexandria","197.50.143.203","evaluation",1,1,1,1,80
"153",45156824,1,0.95,"feca","HRV","21","Zagreb","93.136.107.203","control",1,0,1,0,95
"154",45157972,1,1,"feca","VEN","21","Valera","186.91.115.124","publicgood",0,1,0,0,100
"155",45158227,1,1,"feca","ECU","18","Quito","200.125.245.174","evaluation",0,1,0,0,100
"156",45158250,1,1,"feca","VEN","","","190.201.29.248","control",0,0,0,0,100
"157",45158900,1,1,"feca","IND","16","Mumbai","103.10.227.187","publicgood",1,1,1,1,100
"158",45158923,1,0.822222222222222,"feca","ESP","29","Madrid","83.46.37.129","control",1,0,1,0,82.2222222222222
"159",45158942,1,1,"feca","SRB","00","Leskovac","178.149.147.43","publicgood",0,1,0,0,100
"160",45159108,1,1,"feca","IDN","04","Jakarta","182.1.6.237","control",0,0,0,0,100
"161",45159138,1,1,"feca","VEN","25","Caracas","200.84.120.14","publicgood",0,1,0,0,100
"162",45159179,0.8,0.8,"feca","VEN","13","Barquisimeto","186.91.104.64","publicgood",0,1,0,0,80
"163",45159692,1,0.866666666666667,"feca","IND","28","Kolkata","103.85.97.157","evaluation",1,1,0,0,86.6666666666667
"164",45159721,1,1,"feca","VEN","19","Agua Fría","190.198.245.10","control",1,0,1,0,100
"165",45160456,1,1,"feca","PHL","E3","Olongapo City","120.29.100.203","control",0,0,0,0,100
"166",45160554,1,1,"feca","SRB","00","Belgrade","93.86.111.48","publicgood",0,1,0,0,100
"167",45160693,1,1,"feca","BRA","27","Biritiba-mirim","138.204.91.65","publicgood",0,1,0,0,100
"168",45161007,1,1,"feca","VEN","25","Caracas","186.167.249.155","control",0,0,0,0,100
"169",45161091,1,0.84,"feca","VEN","25","Caracas","190.202.224.97","evaluation",1,1,1,1,84
"170",45161091,1,0.95,"feca","VEN","","","190.77.44.97","control",1,0,1,0,95
"171",45161167,1,1,"feca","VEN","25","Caracas","186.185.150.95","publicgood",0,1,0,0,100
"172",45161174,1,1,"feca","BIH","02","Prijedor","134.90.134.235","publicgood",1,1,1,1,100
"173",45161246,1,1,"feca","IDN","30","Bandung","222.124.112.172","publicgood",0,1,0,0,100
"174",45161332,1,0.842857142857143,"neodev","ESP","31","Murcia","83.58.221.242","publicgood",1,1,1,1,84.2857142857143
"175",45161495,1,1,"feca","SRB","00","Belgrade","94.189.142.81","publicgood",0,1,0,0,100
"176",45162278,1,1,"feca","PHL","21","Talisay","180.190.175.173","publicgood",0,1,0,0,100
"177",45162371,1,0.7,"feca","USA","FL","Miami","23.27.45.175","control",1,0,0,0,70
"178",45162371,1,1,"feca","USA","FL","Miami","23.27.45.213","evaluation",0,1,0,0,100
"179",45162578,1,1,"feca","USA","NY","Rochester","216.126.193.3","publicgood",1,1,1,1,100
"180",45162633,1,0.7,"feca","VNM","13","","27.73.174.81","evaluation",1,1,1,1,70
"181",45163129,1,1,"feca","SRB","00","Nis","178.79.57.78","publicgood",0,1,0,0,100
"182",45163481,1,0.8,"feca","VEN","23","Maracaibo","200.93.51.25","publicgood",0,1,0,0,80
"183",45163481,1,1,"feca","VEN","23","Maracaibo","200.93.51.25","evaluation",0,1,0,0,100
"184",45163655,1,1,"feca","USA","NY","Rochester","216.126.193.3","publicgood",1,1,1,1,100
"185",45163668,1,1,"feca","PHL","B7","Cebu","180.190.194.253","evaluation",1,1,1,1,100
"186",45163668,1,0.9,"feca","PHL","B7","Cebu","180.190.194.253","publicgood",1,1,1,1,90
"187",45163976,0.8,0.8,"feca","EGY","","","102.186.67.127","publicgood",0,1,0,0,80
"188",45164269,0.75,0.75,"feca","EGY","","","154.237.81.248","publicgood",1,1,0,0,75
"189",45164269,1,1,"feca","EGY","","","154.237.62.209","evaluation",0,1,0,0,100
"190",45164555,1,1,"feca","COL","02","Medellin","190.165.1.60","publicgood",0,1,0,0,100
"191",45164555,1,0.933333333333333,"feca","COL","02","Medellin","190.165.1.60","evaluation",1,1,1,1,93.3333333333333
"192",45164600,0.6,0.6,"feca","EGY","17","Asyut","156.203.72.123","publicgood",0,1,0,0,60
"193",45164629,0.2,0.2,"feca","IDN","","","182.1.67.128","control",0,0,0,0,20
"194",45164659,1,1,"feca","VNM","20","Ho Chi Minh City","58.187.12.59","evaluation",1,1,1,1,100
"195",45164734,1,1,"feca","EGY","","","156.200.255.20","publicgood",1,1,1,1,100
"196",45164823,1,1,"feca","RUS","66","Saint Petersburg","176.116.249.137","evaluation",0,1,0,0,100
"197",45165569,1,1,"feca","SRB","00","Nis","94.228.227.41","publicgood",0,1,0,0,100
"198",45165569,1,0.942857142857143,"feca","SRB","00","Nis","178.79.57.78","evaluation",1,1,1,1,94.2857142857143
"199",45165679,1,0.833333333333333,"feca","SRB","00","Belgrade","109.245.227.10","publicgood",1,1,1,1,83.3333333333333
"200",45165692,1,0.75,"feca","SRB","00","Belgrade","109.245.227.214","publicgood",1,1,1,1,75
"201",45165925,1,1,"clixsense","EGY","11","Cairo","196.159.11.237","publicgood",0,1,0,0,100
"202",45166200,1,1,"feca","SRB","00","Belgrade","94.189.142.81","publicgood",0,1,0,0,100
"203",45166728,1,0.8,"feca","SRB","","","37.19.110.11","publicgood",1,1,0,0,80
"204",45167110,1,1,"feca","SRB","00","Belgrade","79.101.140.50","publicgood",1,1,1,1,100
"205",45169489,0.875,0.95,"feca","EGY","11","Cairo","41.237.63.252","publicgood",1,1,1,1,95
"206",45169521,1,0.942857142857143,"feca","SRB","00","Belgrade","77.46.214.172","evaluation",1,1,1,1,94.2857142857143
"207",45169827,0.875,0.9,"feca","VEN","","","190.36.18.187","publicgood",1,1,1,1,90
"208",45171183,1,0.72,"feca","COL","34","Bogota","179.51.109.34","control",1,0,1,0,72
"209",45171551,1,0.828571428571429,"feca","SRB","00","Beograd","85.222.170.104","publicgood",1,1,1,1,82.8571428571429
"210",45172014,1,0.925,"feca","SRB","00","Nis","94.228.227.41","evaluation",1,1,1,1,92.5
"211",45172279,1,0.6,"feca","EGY","11","Cairo","156.217.130.111","evaluation",1,1,0,0,60
"212",45172279,1,1,"feca","EGY","11","Cairo","156.217.130.111","publicgood",0,1,0,0,100
"213",45172391,1,0.6,"feca","EGY","05","Tanta","156.217.102.53","publicgood",1,1,0,0,60
"214",45172391,1,1,"feca","EGY","05","Tanta","156.216.200.7","evaluation",0,1,0,0,100
"215",45172610,1,0.65,"feca","BIH","01","Sarajevo","77.77.216.144","publicgood",1,1,1,1,65
"216",45172973,1,1,"feca","VEN","25","Caracas","186.167.242.153","evaluation",0,1,0,0,100
"217",45173038,1,1,"feca","BIH","01","Sarajevo","77.78.237.55","publicgood",0,1,0,0,100
"218",45173060,1,0.9,"clixsense","VEN","25","Caracas","186.167.248.116","control",1,0,0,0,90
"219",45173767,1,0.5,"feca","EGY","11","Cairo","156.216.100.175","publicgood",1,1,0,0,50
"220",45174121,1,0.9,"clixsense","EGY","11","Cairo","154.130.54.86","publicgood",1,1,0,0,90
"221",45174260,1,1,"feca","VEN","07","Valencia","181.208.8.98","evaluation",0,1,0,0,100
"222",45175206,1,1,"feca","EGY","","","41.34.78.128","publicgood",0,1,0,0,100
"223",45175215,1,1,"feca","EGY","","","197.58.221.252","publicgood",0,1,0,0,100
"224",45175251,1,1,"feca","VEN","06","Puerto Ordaz","190.94.230.247","publicgood",0,1,0,0,100
"225",45175751,1,1,"feca","VEN","25","Caracas","186.167.244.95","publicgood",1,1,1,1,100
"226",45176762,0.8333,0.9,"feca","EGY","11","Cairo","196.221.53.219","publicgood",1,1,1,1,90
"227",45178083,1,0.8,"feca","EGY","11","Cairo","197.41.13.113","publicgood",1,1,0,0,80
"228",45178163,1,1,"feca","VEN","","","190.201.29.248","control",0,0,0,0,100
"229",45178413,1,1,"feca","VEN","","","190.36.189.152","evaluation",0,1,0,0,100
"230",45178754,1,1,"feca","IDN","","","36.90.0.204","publicgood",0,1,0,0,100
"231",45179286,1,1,"feca","BRA","04","Boa Vista","192.140.41.203","evaluation",0,1,0,0,100
"232",45179628,1,1,"feca","HND","09","Barra Patuca","181.115.11.75","publicgood",0,1,0,0,100
"233",45179692,1,0.733333333333333,"feca","EGY","","","156.198.202.250","publicgood",1,1,1,1,73.3333333333333
"234",45179934,1,1,"feca","RUS","38","Novorossiysk","109.196.192.140","publicgood",0,1,0,0,100
"235",45180140,0.75,0.883333333333333,"feca","EGY","11","Cairo","41.69.48.196","control",1,0,1,0,88.3333333333333
"236",45181307,1,0.733333333333333,"feca","VEN","","","190.201.191.144","publicgood",1,1,1,1,73.3333333333333
"237",45181825,1,0.933333333333333,"feca","VEN","","","190.76.250.207","control",1,0,0,0,93.3333333333333
"238",45182066,1,1,"feca","VEN","","","190.201.112.25","control",0,0,0,0,100
"239",45183806,1,1,"feca","PER","15","Lima","190.238.75.129","control",0,0,0,0,100
"240",45183928,1,0.8,"feca","RUS","48","Moscow","188.32.23.90","evaluation",1,1,1,1,80
"241",45183963,1,1,"feca","VNM","44","Hanoi","42.114.36.46","evaluation",0,1,0,0,100
"242",45183963,1,0.9,"feca","VNM","44","Hanoi","58.187.163.192","publicgood",0,1,0,0,90
"243",45184006,1,1,"feca","VEN","25","Caracas","186.185.112.54","evaluation",0,1,0,0,100
"244",45184007,1,1,"feca","VNM","44","Hanoi","123.24.181.147","evaluation",0,1,0,0,100
"245",45184007,1,0.75,"feca","VNM","44","Hanoi","123.24.181.147","publicgood",1,1,0,0,75
"246",45184039,0.5,0.7,"feca","EGY","11","Cairo","197.49.172.19","control",1,0,1,0,70
"247",45184085,0.8333,0.9,"feca","SRB","00","Leskovac","178.149.146.148","publicgood",1,1,1,1,90
"248",45184768,1,1,"feca","BRA","27","Sao Paulo","201.27.175.119","evaluation",0,1,0,0,100
"249",45185482,1,1,"feca","VEN","22","San Felipe","200.8.69.105","control",0,0,0,0,100
"250",45185691,1,1,"feca","VEN","","","190.206.195.19","control",0,0,0,0,100
"251",45186102,1,1,"feca","PER","14","Chiclayo","181.67.103.104","control",0,0,0,0,100
"252",45186503,0.9,0.866666666666667,"neodev","VEN","15","Bachaquero","200.93.112.211","control",1,0,1,0,86.6666666666667
"253",45187360,1,1,"feca","IND","13","Ernakulam","137.97.153.212","publicgood",0,1,0,0,100
"254",45189211,1,0.7,"feca","VEN","25","Caracas","201.210.249.87","control",1,0,1,0,70
"255",45189901,1,0.8,"feca","VEN","25","Caracas","186.167.245.111","control",1,0,1,0,80
"256",45190761,1,1,"feca","VEN","04","Maracay","186.92.133.60","evaluation",0,1,0,0,100
"257",45191948,0.5,0.6,"feca","EGY","","","154.238.4.27","publicgood",1,1,1,1,60
"258",45192770,1,0.857142857142857,"clixsense","VEN","25","Caracas","186.167.243.219","control",1,0,1,0,85.7142857142857
"259",45193948,1,1,"feca","VEN","25","Caracas","200.84.38.237","evaluation",0,1,0,0,100
"260",45195351,1,1,"clixsense","VEN","","","190.199.95.155","publicgood",0,1,0,0,100
"261",45195553,1,1,"neodev","VEN","07","Valencia","190.205.205.181","evaluation",0,1,0,0,100
"262",45196473,1,1,"clixsense","USA","NY","New York","104.131.92.125","control",0,0,0,0,100
"263",45196638,1,1,"clixsense","VEN","25","Caracas","186.93.74.217","control",1,0,1,0,100
"264",45198656,1,0.6,"feca","EGY","11","Cairo","41.68.27.213","publicgood",1,1,0,0,60
"265",45199494,1,1,"feca","EGY","","","197.38.105.110","publicgood",0,1,0,0,100
"266",45200642,1,1,"feca","EGY","11","Cairo","41.68.227.246","publicgood",1,1,1,1,100
"267",45200642,1,0.92,"feca","EGY","","","41.68.237.45","evaluation",1,1,1,1,92
"268",45202848,1,0.866666666666667,"feca","VEN","15","Agua Fria","190.79.124.50","evaluation",1,1,0,0,86.6666666666667
"269",45203342,1,1,"feca","VNM","43","Biên Hòa","171.226.17.46","evaluation",0,1,0,0,100
"270",45203540,1,0.85,"neodev","ESP","55","El Barco De Ávila","83.43.233.3","evaluation",1,1,1,1,85
"271",45204324,1,1,"neodev","VEN","25","Caracas","201.243.233.248","publicgood",0,1,0,0,100
"272",45204422,1,0.9,"feca","COL","","","186.115.70.60","control",1,0,0,0,90
"273",45205328,1,1,"feca","VEN","25","Caracas","190.201.153.158","control",0,0,0,0,100
"274",45205356,1,1,"feca","MAR","55","Agadir","160.177.17.32","evaluation",0,1,0,0,100
"275",45210463,1,0.857142857142857,"neodev","URY","10","Montevideo","167.56.153.107","evaluation",1,1,1,1,85.7142857142857
"276",45211008,1,1,"feca","VEN","07","Valencia","190.205.219.165","publicgood",0,1,0,0,100
"277",45211562,1,1,"neodev","VEN","25","Caracas","186.167.248.217","evaluation",0,1,0,0,100
"278",45211562,1,0.92,"neodev","VEN","25","Caracas","186.167.248.247","publicgood",1,1,1,1,92
"279",45212134,1,0.48,"feca","EGY","05","Tanta","156.216.147.49","evaluation",1,1,0,0,48
"280",45212935,1,0.6,"feca","VEN","07","Valencia","190.153.72.201","evaluation",1,1,0,0,60
"281",6335542,1,0.927272727272727,"clixsense","GRC","29","Lamía","79.130.96.150","evaluation",1,1,1,1,92.7272727272727
"282",6345217,0.8,0.8,"clixsense","BRA","26","Florianopolis","191.191.35.139","evaluation",0,1,0,0,80
"283",6591664,1,1,"clixsense","MEX","09","Mexico","189.236.113.116","control",0,0,0,0,100
