_unit_id,_created_at,_golden,_id,_missed,_started_at,_tainted,_channel,_trust,_worker_id,_country,_region,_city,_ip,animal_present,animal_types,other_animal_type,animal_present_gold,animal_types_gold,image_url,other_animal_type_gold
2220959845,3/27/2019 23:46:39,false,4666138317,,3/27/2019 23:46:06,false,clixsense,1.0,44591122,UKR,"","",94.131.215.9,yes,,"",,,https://i.imgur.com/3VdIQO3.png,
2220959845,3/27/2019 23:48:19,false,4666141032,,3/27/2019 23:47:38,false,feca,1.0,45165171,SRB,00,Beograd,109.245.36.114,yes,,"",,,https://i.imgur.com/3VdIQO3.png,
2220959845,3/28/2019 00:19:58,false,4666183467,,3/28/2019 00:19:27,false,clixsense,1.0,44149136,UKR,03,Chernivtsi,195.88.138.72,yes,,"",,,https://i.imgur.com/3VdIQO3.png,
2220959846,3/27/2019 23:46:39,false,4666138308,,3/27/2019 23:46:06,false,clixsense,1.0,44591122,UKR,"","",94.131.215.9,yes,,"",,,https://i.imgur.com/Za9Rt0o.png,
2220959846,3/27/2019 23:48:19,false,4666141029,,3/27/2019 23:47:38,false,feca,1.0,45165171,SRB,00,Beograd,109.245.36.114,yes,,"",,,https://i.imgur.com/Za9Rt0o.png,
2220959846,3/28/2019 00:19:58,false,4666183461,,3/28/2019 00:19:27,false,clixsense,1.0,44149136,UKR,03,Chernivtsi,195.88.138.72,yes,,"",,,https://i.imgur.com/Za9Rt0o.png,
2220959847,3/27/2019 23:46:39,false,4666138303,,3/27/2019 23:46:06,false,clixsense,1.0,44591122,UKR,"","",94.131.215.9,yes,,"",,,https://i.imgur.com/VL52hWg.png,
2220959847,3/27/2019 23:48:19,false,4666141026,,3/27/2019 23:47:38,false,feca,1.0,45165171,SRB,00,Beograd,109.245.36.114,yes,,"",,,https://i.imgur.com/VL52hWg.png,
2220959847,3/28/2019 00:19:58,false,4666183463,,3/28/2019 00:19:27,false,clixsense,1.0,44149136,UKR,03,Chernivtsi,195.88.138.72,yes,,"",,,https://i.imgur.com/VL52hWg.png,
2220959848,3/27/2019 23:46:39,false,4666138312,,3/27/2019 23:46:06,false,clixsense,1.0,44591122,UKR,"","",94.131.215.9,yes,,"",,,https://i.imgur.com/ZWznjmO.png,
2220959848,3/27/2019 23:48:19,false,4666141023,,3/27/2019 23:47:38,false,feca,1.0,45165171,SRB,00,Beograd,109.245.36.114,yes,,"",,,https://i.imgur.com/ZWznjmO.png,
2220959848,3/28/2019 00:19:58,false,4666183470,,3/28/2019 00:19:27,false,clixsense,1.0,44149136,UKR,03,Chernivtsi,195.88.138.72,yes,,"",,,https://i.imgur.com/ZWznjmO.png,
2220959849,3/27/2019 23:47:20,false,4666139408,,3/27/2019 23:46:41,false,clixsense,1.0,44591122,UKR,"","",94.131.215.9,yes,,"",,,https://i.imgur.com/ornI0TB.png,
2220959849,3/27/2019 23:49:21,false,4666142850,,3/27/2019 23:48:05,false,neodev,0.5,43996379,VEN,25,Caracas,186.185.98.61,yes,,"",,,https://i.imgur.com/ornI0TB.png,
2220959849,3/27/2019 23:51:44,false,4666146269,,3/27/2019 23:47:44,false,clixsense,1.0,44986011,UKR,03,Chernivtsi,176.120.42.150,yes,,"",,,https://i.imgur.com/ornI0TB.png,
2220959850,3/27/2019 23:47:20,false,4666139398,,3/27/2019 23:46:41,false,clixsense,1.0,44591122,UKR,"","",94.131.215.9,yes,,"",,,https://i.imgur.com/OLjU2iu.png,
2220959850,3/27/2019 23:49:21,false,4666142847,,3/27/2019 23:48:05,false,neodev,0.5,43996379,VEN,25,Caracas,186.185.98.61,yes,,"",,,https://i.imgur.com/OLjU2iu.png,
2220959850,3/27/2019 23:51:44,false,4666146274,,3/27/2019 23:47:44,false,clixsense,1.0,44986011,UKR,03,Chernivtsi,176.120.42.150,yes,,"",,,https://i.imgur.com/OLjU2iu.png,
2220959851,3/27/2019 23:47:20,false,4666139401,,3/27/2019 23:46:41,false,clixsense,1.0,44591122,UKR,"","",94.131.215.9,yes,,"",,,https://i.imgur.com/8kY357e.png,
2220959851,3/27/2019 23:49:21,false,4666142856,,3/27/2019 23:48:05,false,neodev,0.5,43996379,VEN,25,Caracas,186.185.98.61,yes,,"",,,https://i.imgur.com/8kY357e.png,
2220959851,3/27/2019 23:51:44,false,4666146272,,3/27/2019 23:47:44,false,clixsense,1.0,44986011,UKR,03,Chernivtsi,176.120.42.150,yes,,"",,,https://i.imgur.com/8kY357e.png,
2220959852,3/27/2019 23:47:20,false,4666139405,,3/27/2019 23:46:41,false,clixsense,1.0,44591122,UKR,"","",94.131.215.9,yes,,"",,,https://i.imgur.com/2Yd2Iq8.png,
2220959852,3/27/2019 23:49:21,false,4666142854,,3/27/2019 23:48:05,false,neodev,0.5,43996379,VEN,25,Caracas,186.185.98.61,yes,,"",,,https://i.imgur.com/2Yd2Iq8.png,
2220959852,3/27/2019 23:51:44,false,4666146267,,3/27/2019 23:47:44,false,clixsense,1.0,44986011,UKR,03,Chernivtsi,176.120.42.150,yes,,"",,,https://i.imgur.com/2Yd2Iq8.png,
2220959853,3/27/2019 23:48:16,false,4666140924,,3/27/2019 23:47:22,false,clixsense,1.0,44591122,UKR,"","",94.131.215.9,yes,,"",,,https://i.imgur.com/KQfKhlb.png,
2220959853,3/27/2019 23:48:56,false,4666142098,,3/27/2019 23:48:17,false,clixsense,1.0,44064918,UKR,"","",46.96.41.30,yes,,"",,,https://i.imgur.com/KQfKhlb.png,
2220959853,3/27/2019 23:52:32,false,4666147350,,3/27/2019 23:49:13,false,feca,0.25,45164219,ITA,20,Mestre,79.20.47.210,yes,Optional,chameleon,,,https://i.imgur.com/KQfKhlb.png,
2220959854,3/27/2019 23:48:16,false,4666140922,,3/27/2019 23:47:22,false,clixsense,1.0,44591122,UKR,"","",94.131.215.9,yes,,"",,,https://i.imgur.com/etcs2yo.png,
2220959854,3/27/2019 23:48:56,false,4666142091,,3/27/2019 23:48:17,false,clixsense,1.0,44064918,UKR,"","",46.96.41.30,yes,,"",,,https://i.imgur.com/etcs2yo.png,
2220959854,3/27/2019 23:52:32,false,4666147340,,3/27/2019 23:49:13,false,feca,0.25,45164219,ITA,20,Mestre,79.20.47.210,yes,Optional,chameleon,,,https://i.imgur.com/etcs2yo.png,
2220959855,3/27/2019 23:48:16,false,4666140926,,3/27/2019 23:47:22,false,clixsense,1.0,44591122,UKR,"","",94.131.215.9,yes,,"",,,https://i.imgur.com/Qao2CO2.png,
2220959855,3/27/2019 23:48:56,false,4666142104,,3/27/2019 23:48:17,false,clixsense,1.0,44064918,UKR,"","",46.96.41.30,yes,,"",,,https://i.imgur.com/Qao2CO2.png,
2220959855,3/27/2019 23:52:32,false,4666147345,,3/27/2019 23:49:13,false,feca,0.25,45164219,ITA,20,Mestre,79.20.47.210,yes,Optional,chameleon,,,https://i.imgur.com/Qao2CO2.png,
2220959856,3/27/2019 23:48:16,false,4666140920,,3/27/2019 23:47:22,false,clixsense,1.0,44591122,UKR,"","",94.131.215.9,yes,,"",,,https://i.imgur.com/xoBSo4m.png,
2220959856,3/27/2019 23:48:56,false,4666142109,,3/27/2019 23:48:17,false,clixsense,1.0,44064918,UKR,"","",46.96.41.30,yes,,"",,,https://i.imgur.com/xoBSo4m.png,
2220959856,3/27/2019 23:52:32,false,4666147348,,3/27/2019 23:49:13,false,feca,0.25,45164219,ITA,20,Mestre,79.20.47.210,yes,Optional,chameleon,,,https://i.imgur.com/xoBSo4m.png,
2220959857,3/27/2019 23:48:57,false,4666142163,,3/27/2019 23:48:21,false,feca,1.0,45165171,SRB,00,Beograd,109.245.36.114,yes,,"",,,https://i.imgur.com/2JCk7JB.png,
2220959857,3/27/2019 23:49:07,false,4666142443,,3/27/2019 23:48:20,false,clixsense,1.0,44510146,UKR,"","",37.73.203.75,yes,,"",,,https://i.imgur.com/2JCk7JB.png,
2220959857,3/28/2019 00:22:08,false,4666187761,,3/28/2019 00:20:00,false,clixsense,1.0,44149136,UKR,03,Chernivtsi,195.88.138.72,yes,,"",,,https://i.imgur.com/2JCk7JB.png,
2220959858,3/27/2019 23:48:57,false,4666142161,,3/27/2019 23:48:21,false,feca,1.0,45165171,SRB,00,Beograd,109.245.36.114,yes,,"",,,https://i.imgur.com/byC9EX7.png,
2220959858,3/27/2019 23:49:07,false,4666142442,,3/27/2019 23:48:20,false,clixsense,1.0,44510146,UKR,"","",37.73.203.75,yes,,"",,,https://i.imgur.com/byC9EX7.png,
2220959858,3/28/2019 00:22:08,false,4666187747,,3/28/2019 00:20:00,false,clixsense,1.0,44149136,UKR,03,Chernivtsi,195.88.138.72,yes,,"",,,https://i.imgur.com/byC9EX7.png,
2220959859,3/27/2019 23:48:57,false,4666142171,,3/27/2019 23:48:21,false,feca,1.0,45165171,SRB,00,Beograd,109.245.36.114,yes,,"",,,https://i.imgur.com/VTcPeVg.png,
2220959859,3/27/2019 23:49:07,false,4666142446,,3/27/2019 23:48:20,false,clixsense,1.0,44510146,UKR,"","",37.73.203.75,yes,,"",,,https://i.imgur.com/VTcPeVg.png,
2220959859,3/28/2019 00:22:08,false,4666187751,,3/28/2019 00:20:00,false,clixsense,1.0,44149136,UKR,03,Chernivtsi,195.88.138.72,yes,,"",,,https://i.imgur.com/VTcPeVg.png,
2220959860,3/27/2019 23:48:57,false,4666142168,,3/27/2019 23:48:21,false,feca,1.0,45165171,SRB,00,Beograd,109.245.36.114,yes,,"",,,https://i.imgur.com/T2XYXTd.png,
2220959860,3/27/2019 23:49:07,false,4666142441,,3/27/2019 23:48:20,false,clixsense,1.0,44510146,UKR,"","",37.73.203.75,yes,,"",,,https://i.imgur.com/T2XYXTd.png,
2220959860,3/28/2019 00:22:08,false,4666187758,,3/28/2019 00:20:00,false,clixsense,1.0,44149136,UKR,03,Chernivtsi,195.88.138.72,yes,,"",,,https://i.imgur.com/T2XYXTd.png,
2220959861,3/27/2019 23:49:59,false,4666143827,,3/27/2019 23:48:58,false,clixsense,1.0,44064918,UKR,"","",46.96.41.30,yes,,"",,,https://i.imgur.com/QgNyYtQ.png,
2220959861,3/27/2019 23:50:04,false,4666143910,,3/27/2019 23:49:44,false,neodev,1.0,44200224,EGY,11,Cairo,197.41.59.72,yes,,"",,,https://i.imgur.com/QgNyYtQ.png,
2220959861,3/27/2019 23:50:48,false,4666145070,,3/27/2019 23:48:46,false,feca,0.8571,45173711,SVK,"","",188.167.250.34,yes,Optional,chameleon,,,https://i.imgur.com/QgNyYtQ.png,
2220959862,3/27/2019 23:49:59,false,4666143831,,3/27/2019 23:48:58,false,clixsense,1.0,44064918,UKR,"","",46.96.41.30,yes,,"",,,https://i.imgur.com/u059Tlt.png,
2220959862,3/27/2019 23:50:04,false,4666143913,,3/27/2019 23:49:44,false,neodev,1.0,44200224,EGY,11,Cairo,197.41.59.72,yes,,"",,,https://i.imgur.com/u059Tlt.png,
2220959862,3/27/2019 23:50:48,false,4666145083,,3/27/2019 23:48:46,false,feca,0.8571,45173711,SVK,"","",188.167.250.34,yes,Optional,chameleon,,,https://i.imgur.com/u059Tlt.png,
2220959863,3/27/2019 23:49:59,false,4666143830,,3/27/2019 23:48:58,false,clixsense,1.0,44064918,UKR,"","",46.96.41.30,yes,,"",,,https://i.imgur.com/anh1JJZ.png,
2220959863,3/27/2019 23:50:04,false,4666143915,,3/27/2019 23:49:44,false,neodev,1.0,44200224,EGY,11,Cairo,197.41.59.72,yes,,"",,,https://i.imgur.com/anh1JJZ.png,
2220959863,3/27/2019 23:50:48,false,4666145058,,3/27/2019 23:48:46,false,feca,0.8571,45173711,SVK,"","",188.167.250.34,yes,Optional,chameleon,,,https://i.imgur.com/anh1JJZ.png,
2220959864,3/27/2019 23:49:59,false,4666143832,,3/27/2019 23:48:58,false,clixsense,1.0,44064918,UKR,"","",46.96.41.30,yes,,"",,,https://i.imgur.com/Xj19WqA.png,
2220959864,3/27/2019 23:50:04,false,4666143912,,3/27/2019 23:49:44,false,neodev,1.0,44200224,EGY,11,Cairo,197.41.59.72,yes,,"",,,https://i.imgur.com/Xj19WqA.png,
2220959864,3/27/2019 23:50:48,false,4666145089,,3/27/2019 23:48:46,false,feca,0.8571,45173711,SVK,"","",188.167.250.34,yes,Optional,chameleon,,,https://i.imgur.com/Xj19WqA.png,
2220959865,3/27/2019 23:49:53,false,4666143671,,3/27/2019 23:49:25,false,neodev,0.5,43996379,VEN,25,Caracas,186.185.98.61,yes,,"",,,https://i.imgur.com/NDPlj7R.png,
2220959865,3/27/2019 23:50:47,false,4666145039,,3/27/2019 23:49:08,false,clixsense,1.0,44510146,UKR,"","",37.73.203.75,yes,,"",,,https://i.imgur.com/NDPlj7R.png,
2220959865,3/27/2019 23:51:13,false,4666145590,,3/27/2019 23:50:02,false,clixsense,1.0,44064918,UKR,"","",46.96.41.30,yes,,"",,,https://i.imgur.com/NDPlj7R.png,
2220959866,3/27/2019 23:49:53,false,4666143673,,3/27/2019 23:49:25,false,neodev,0.5,43996379,VEN,25,Caracas,186.185.98.61,yes,,"",,,https://i.imgur.com/ENZMYxN.png,
2220959866,3/27/2019 23:50:47,false,4666145036,,3/27/2019 23:49:08,false,clixsense,1.0,44510146,UKR,"","",37.73.203.75,yes,,"",,,https://i.imgur.com/ENZMYxN.png,
2220959866,3/27/2019 23:51:13,false,4666145593,,3/27/2019 23:50:02,false,clixsense,1.0,44064918,UKR,"","",46.96.41.30,yes,,"",,,https://i.imgur.com/ENZMYxN.png,
2220959867,3/27/2019 23:49:53,false,4666143669,,3/27/2019 23:49:25,false,neodev,0.5,43996379,VEN,25,Caracas,186.185.98.61,yes,,"",,,https://i.imgur.com/AwA6nBw.png,
2220959867,3/27/2019 23:50:47,false,4666145038,,3/27/2019 23:49:08,false,clixsense,1.0,44510146,UKR,"","",37.73.203.75,yes,,"",,,https://i.imgur.com/AwA6nBw.png,
2220959867,3/27/2019 23:51:13,false,4666145587,,3/27/2019 23:50:02,false,clixsense,1.0,44064918,UKR,"","",46.96.41.30,yes,,"",,,https://i.imgur.com/AwA6nBw.png,
2220959868,3/27/2019 23:49:53,false,4666143672,,3/27/2019 23:49:25,false,neodev,0.5,43996379,VEN,25,Caracas,186.185.98.61,yes,,"",,,https://i.imgur.com/UBiOMBx.png,
2220959868,3/27/2019 23:50:47,false,4666145037,,3/27/2019 23:49:08,false,clixsense,1.0,44510146,UKR,"","",37.73.203.75,yes,,"",,,https://i.imgur.com/UBiOMBx.png,
2220959868,3/27/2019 23:51:13,false,4666145595,,3/27/2019 23:50:02,false,clixsense,1.0,44064918,UKR,"","",46.96.41.30,yes,,"",,,https://i.imgur.com/UBiOMBx.png,
2220959869,3/27/2019 23:50:14,false,4666144209,,3/27/2019 23:49:56,false,neodev,0.5,43996379,VEN,25,Caracas,186.185.98.61,yes,,"",,,https://i.imgur.com/Ttxrmyo.png,
2220959869,3/27/2019 23:50:27,false,4666144513,,3/27/2019 23:50:06,false,neodev,1.0,44200224,EGY,11,Cairo,197.41.59.72,yes,,"",,,https://i.imgur.com/Ttxrmyo.png,
2220959869,3/27/2019 23:50:42,false,4666144905,,3/27/2019 23:50:26,false,feca,0.5,45161460,BIH,01,Sarajevo,77.77.217.133,yes,,"",,,https://i.imgur.com/Ttxrmyo.png,
2220959870,3/27/2019 23:50:14,false,4666144216,,3/27/2019 23:49:56,false,neodev,0.5,43996379,VEN,25,Caracas,186.185.98.61,yes,,"",,,https://i.imgur.com/4gIixGX.png,
2220959870,3/27/2019 23:50:27,false,4666144528,,3/27/2019 23:50:06,false,neodev,1.0,44200224,EGY,11,Cairo,197.41.59.72,yes,,"",,,https://i.imgur.com/4gIixGX.png,
2220959870,3/27/2019 23:50:42,false,4666144903,,3/27/2019 23:50:26,false,feca,0.5,45161460,BIH,01,Sarajevo,77.77.217.133,yes,,"",,,https://i.imgur.com/4gIixGX.png,
2220959871,3/27/2019 23:50:14,false,4666144219,,3/27/2019 23:49:56,false,neodev,0.5,43996379,VEN,25,Caracas,186.185.98.61,yes,,"",,,https://i.imgur.com/036sW53.png,
2220959871,3/27/2019 23:50:27,false,4666144523,,3/27/2019 23:50:06,false,neodev,1.0,44200224,EGY,11,Cairo,197.41.59.72,yes,,"",,,https://i.imgur.com/036sW53.png,
2220959871,3/27/2019 23:50:42,false,4666144906,,3/27/2019 23:50:26,false,feca,0.5,45161460,BIH,01,Sarajevo,77.77.217.133,yes,,"",,,https://i.imgur.com/036sW53.png,
2220959872,3/27/2019 23:50:14,false,4666144220,,3/27/2019 23:49:56,false,neodev,0.5,43996379,VEN,25,Caracas,186.185.98.61,yes,,"",,,https://i.imgur.com/kfdrqGT.png,
2220959872,3/27/2019 23:50:27,false,4666144518,,3/27/2019 23:50:06,false,neodev,1.0,44200224,EGY,11,Cairo,197.41.59.72,yes,,"",,,https://i.imgur.com/kfdrqGT.png,
2220959872,3/27/2019 23:50:42,false,4666144902,,3/27/2019 23:50:26,false,feca,0.5,45161460,BIH,01,Sarajevo,77.77.217.133,yes,,"",,,https://i.imgur.com/kfdrqGT.png,
2220959873,3/27/2019 23:50:48,false,4666145092,,3/27/2019 23:50:30,false,neodev,1.0,44200224,EGY,11,Cairo,197.41.59.72,no,,"",,,https://i.imgur.com/YLb1bfQ.png,
2220959873,3/27/2019 23:51:01,false,4666145355,,3/27/2019 23:50:44,false,feca,0.5,45161460,BIH,01,Sarajevo,77.77.217.133,no,,"",,,https://i.imgur.com/YLb1bfQ.png,
2220959873,3/27/2019 23:52:31,false,4666147330,,3/27/2019 23:50:49,false,clixsense,1.0,44510146,UKR,"","",37.73.203.75,no,,"",,,https://i.imgur.com/YLb1bfQ.png,
2220959874,3/27/2019 23:50:48,false,4666145079,,3/27/2019 23:50:30,false,neodev,1.0,44200224,EGY,11,Cairo,197.41.59.72,no,,"",,,https://i.imgur.com/hKliHi4.png,
2220959874,3/27/2019 23:51:01,false,4666145359,,3/27/2019 23:50:44,false,feca,0.5,45161460,BIH,01,Sarajevo,77.77.217.133,no,,"",,,https://i.imgur.com/hKliHi4.png,
2220959874,3/27/2019 23:52:31,false,4666147334,,3/27/2019 23:50:49,false,clixsense,1.0,44510146,UKR,"","",37.73.203.75,no,,"",,,https://i.imgur.com/hKliHi4.png,
2220959875,3/27/2019 23:50:48,false,4666145068,,3/27/2019 23:50:30,false,neodev,1.0,44200224,EGY,11,Cairo,197.41.59.72,yes,,"",,,https://i.imgur.com/BhjGxoc.png,
2220959875,3/27/2019 23:51:01,false,4666145353,,3/27/2019 23:50:44,false,feca,0.5,45161460,BIH,01,Sarajevo,77.77.217.133,yes,,"",,,https://i.imgur.com/BhjGxoc.png,
2220959875,3/27/2019 23:52:31,false,4666147332,,3/27/2019 23:50:49,false,clixsense,1.0,44510146,UKR,"","",37.73.203.75,yes,,"",,,https://i.imgur.com/BhjGxoc.png,
2220959876,3/27/2019 23:50:48,false,4666145057,,3/27/2019 23:50:30,false,neodev,1.0,44200224,EGY,11,Cairo,197.41.59.72,yes,,"",,,https://i.imgur.com/X8UsZgs.png,
2220959876,3/27/2019 23:51:01,false,4666145361,,3/27/2019 23:50:44,false,feca,0.5,45161460,BIH,01,Sarajevo,77.77.217.133,yes,,"",,,https://i.imgur.com/X8UsZgs.png,
2220959876,3/27/2019 23:52:31,false,4666147331,,3/27/2019 23:50:49,false,clixsense,1.0,44510146,UKR,"","",37.73.203.75,yes,,"",,,https://i.imgur.com/X8UsZgs.png,
2220959877,3/27/2019 23:51:17,false,4666145712,,3/27/2019 23:51:03,false,feca,0.5,45161460,BIH,01,Sarajevo,77.77.217.133,yes,,"",,,https://i.imgur.com/2D2CZkR.png,
2220959877,3/27/2019 23:52:27,false,4666147205,,3/27/2019 23:51:46,false,clixsense,1.0,44986011,UKR,03,Chernivtsi,176.120.42.150,yes,,"",,,https://i.imgur.com/2D2CZkR.png,
2220959877,3/27/2019 23:52:56,false,4666147923,,3/27/2019 23:50:50,false,feca,0.8571,45173711,SVK,"","",188.167.250.34,yes,,"",,,https://i.imgur.com/2D2CZkR.png,
2220959878,3/27/2019 23:51:17,false,4666145710,,3/27/2019 23:51:03,false,feca,0.5,45161460,BIH,01,Sarajevo,77.77.217.133,no,,"",,,https://i.imgur.com/gExp5ga.png,
2220959878,3/27/2019 23:52:27,false,4666147209,,3/27/2019 23:51:46,false,clixsense,1.0,44986011,UKR,03,Chernivtsi,176.120.42.150,no,,"",,,https://i.imgur.com/gExp5ga.png,
2220959878,3/27/2019 23:52:56,false,4666147927,,3/27/2019 23:50:50,false,feca,0.8571,45173711,SVK,"","",188.167.250.34,no,,"",,,https://i.imgur.com/gExp5ga.png,
2220959879,3/27/2019 23:51:17,false,4666145708,,3/27/2019 23:51:03,false,feca,0.5,45161460,BIH,01,Sarajevo,77.77.217.133,no,,"",,,https://i.imgur.com/XRzsYLw.png,
2220959879,3/27/2019 23:52:27,false,4666147207,,3/27/2019 23:51:46,false,clixsense,1.0,44986011,UKR,03,Chernivtsi,176.120.42.150,no,,"",,,https://i.imgur.com/XRzsYLw.png,
2220959879,3/27/2019 23:52:56,false,4666147926,,3/27/2019 23:50:50,false,feca,0.8571,45173711,SVK,"","",188.167.250.34,no,,"",,,https://i.imgur.com/XRzsYLw.png,
2220959880,3/27/2019 23:51:17,false,4666145711,,3/27/2019 23:51:03,false,feca,0.5,45161460,BIH,01,Sarajevo,77.77.217.133,no,,"",,,https://i.imgur.com/2sQKnDO.png,
2220959880,3/27/2019 23:52:27,false,4666147204,,3/27/2019 23:51:46,false,clixsense,1.0,44986011,UKR,03,Chernivtsi,176.120.42.150,no,,"",,,https://i.imgur.com/2sQKnDO.png,
2220959880,3/27/2019 23:52:56,false,4666147925,,3/27/2019 23:50:50,false,feca,0.8571,45173711,SVK,"","",188.167.250.34,no,,"",,,https://i.imgur.com/2sQKnDO.png,
2220959881,3/27/2019 23:52:33,false,4666147384,,3/27/2019 23:51:58,false,feca,1.0,45159390,BRA,18,Londrina,201.54.76.205,no,,"",,,https://i.imgur.com/Y7Rhsxu.png,
2220959881,3/27/2019 23:52:56,false,4666147933,,3/27/2019 23:52:28,false,clixsense,1.0,44986011,UKR,03,Chernivtsi,176.120.42.150,no,,"",,,https://i.imgur.com/Y7Rhsxu.png,
2220959881,3/27/2019 23:53:00,false,4666148025,,3/27/2019 23:52:20,false,clixsense,0.25,44732169,POL,78,Warsaw,46.112.85.12,no,,"",,,https://i.imgur.com/Y7Rhsxu.png,
2220959882,3/27/2019 23:52:33,false,4666147387,,3/27/2019 23:51:58,false,feca,1.0,45159390,BRA,18,Londrina,201.54.76.205,yes,,"",,,https://i.imgur.com/SMlFTQ6.png,
2220959882,3/27/2019 23:52:56,false,4666147931,,3/27/2019 23:52:28,false,clixsense,1.0,44986011,UKR,03,Chernivtsi,176.120.42.150,yes,,"",,,https://i.imgur.com/SMlFTQ6.png,
2220959882,3/27/2019 23:53:00,false,4666148029,,3/27/2019 23:52:20,false,clixsense,0.25,44732169,POL,78,Warsaw,46.112.85.12,no,,"",,,https://i.imgur.com/SMlFTQ6.png,
2220959883,3/27/2019 23:52:33,false,4666147380,,3/27/2019 23:51:58,false,feca,1.0,45159390,BRA,18,Londrina,201.54.76.205,yes,,"",,,https://i.imgur.com/SfvR06h.png,
2220959883,3/27/2019 23:52:56,false,4666147932,,3/27/2019 23:52:28,false,clixsense,1.0,44986011,UKR,03,Chernivtsi,176.120.42.150,yes,,"",,,https://i.imgur.com/SfvR06h.png,
2220959883,3/27/2019 23:53:00,false,4666148036,,3/27/2019 23:52:20,false,clixsense,0.25,44732169,POL,78,Warsaw,46.112.85.12,no,,"",,,https://i.imgur.com/SfvR06h.png,
2220959884,3/27/2019 23:52:33,false,4666147392,,3/27/2019 23:51:58,false,feca,1.0,45159390,BRA,18,Londrina,201.54.76.205,yes,,"",,,https://i.imgur.com/PwzjR0E.png,
2220959884,3/27/2019 23:52:56,false,4666147930,,3/27/2019 23:52:28,false,clixsense,1.0,44986011,UKR,03,Chernivtsi,176.120.42.150,yes,,"",,,https://i.imgur.com/PwzjR0E.png,
2220959884,3/27/2019 23:53:00,false,4666148042,,3/27/2019 23:52:20,false,clixsense,0.25,44732169,POL,78,Warsaw,46.112.85.12,no,,"",,,https://i.imgur.com/PwzjR0E.png,
2220959885,3/27/2019 23:53:22,false,4666148387,,3/27/2019 23:52:33,false,feca,0.5,45155893,EGY,11,Cairo,41.237.15.222,no,,"",,,https://i.imgur.com/YbY0q1c.png,
2220959885,3/27/2019 23:53:51,false,4666148906,,3/27/2019 23:52:35,false,feca,1.0,45159390,BRA,18,Londrina,201.54.76.205,no,,"",,,https://i.imgur.com/YbY0q1c.png,
2220959885,3/27/2019 23:53:55,false,4666148991,,3/27/2019 23:52:50,false,feca,0.25,45164219,ITA,20,Mestre,79.20.47.210,no,,"",,,https://i.imgur.com/YbY0q1c.png,
2220959886,3/27/2019 23:53:22,false,4666148388,,3/27/2019 23:52:33,false,feca,0.5,45155893,EGY,11,Cairo,41.237.15.222,no,,"",,,https://i.imgur.com/ZZ9s8Br.png,
2220959886,3/27/2019 23:53:51,false,4666148903,,3/27/2019 23:52:35,false,feca,1.0,45159390,BRA,18,Londrina,201.54.76.205,no,,"",,,https://i.imgur.com/ZZ9s8Br.png,
2220959886,3/27/2019 23:53:55,false,4666148995,,3/27/2019 23:52:50,false,feca,0.25,45164219,ITA,20,Mestre,79.20.47.210,no,,"",,,https://i.imgur.com/ZZ9s8Br.png,
2220959887,3/27/2019 23:53:22,false,4666148390,,3/27/2019 23:52:33,false,feca,0.5,45155893,EGY,11,Cairo,41.237.15.222,no,,"",,,https://i.imgur.com/kImM8Iu.png,
2220959887,3/27/2019 23:53:51,false,4666148909,,3/27/2019 23:52:35,false,feca,1.0,45159390,BRA,18,Londrina,201.54.76.205,no,,"",,,https://i.imgur.com/kImM8Iu.png,
2220959887,3/27/2019 23:53:55,false,4666148999,,3/27/2019 23:52:50,false,feca,0.25,45164219,ITA,20,Mestre,79.20.47.210,no,,"",,,https://i.imgur.com/kImM8Iu.png,
2220959888,3/27/2019 23:53:22,false,4666148389,,3/27/2019 23:52:33,false,feca,0.5,45155893,EGY,11,Cairo,41.237.15.222,no,,"",,,https://i.imgur.com/zM0LVrF.png,
2220959888,3/27/2019 23:53:51,false,4666148898,,3/27/2019 23:52:35,false,feca,1.0,45159390,BRA,18,Londrina,201.54.76.205,no,,"",,,https://i.imgur.com/zM0LVrF.png,
2220959888,3/27/2019 23:53:55,false,4666148993,,3/27/2019 23:52:50,false,feca,0.25,45164219,ITA,20,Mestre,79.20.47.210,no,,"",,,https://i.imgur.com/zM0LVrF.png,
2220959889,3/27/2019 23:53:45,false,4666148806,,3/27/2019 23:53:12,false,feca,0.875,45172279,EGY,11,Cairo,156.216.20.139,no,,"",,,https://i.imgur.com/AvG5qtO.png,
2220959889,3/27/2019 23:55:21,false,4666150971,,3/27/2019 23:52:56,false,feca,0.625,45164269,EGY,"","",154.237.151.179,no,,"",,,https://i.imgur.com/AvG5qtO.png,
2220959889,3/28/2019 00:21:33,false,4666186476,,3/28/2019 00:21:02,false,feca,0.4286,45156452,VEN,07,Valencia,201.249.25.198,no,,"",,,https://i.imgur.com/AvG5qtO.png,
2220959890,3/27/2019 23:53:45,false,4666148802,,3/27/2019 23:53:12,false,feca,0.875,45172279,EGY,11,Cairo,156.216.20.139,no,,"",,,https://i.imgur.com/6qHLoav.png,
2220959890,3/27/2019 23:55:21,false,4666150974,,3/27/2019 23:52:56,false,feca,0.625,45164269,EGY,"","",154.237.151.179,no,,"",,,https://i.imgur.com/6qHLoav.png,
2220959890,3/28/2019 00:21:33,false,4666186474,,3/28/2019 00:21:02,false,feca,0.4286,45156452,VEN,07,Valencia,201.249.25.198,no,,"",,,https://i.imgur.com/6qHLoav.png,
2220959891,3/27/2019 23:53:45,false,4666148808,,3/27/2019 23:53:12,false,feca,0.875,45172279,EGY,11,Cairo,156.216.20.139,no,,"",,,https://i.imgur.com/2BXmZEr.png,
2220959891,3/27/2019 23:55:21,false,4666150976,,3/27/2019 23:52:56,false,feca,0.625,45164269,EGY,"","",154.237.151.179,no,,"",,,https://i.imgur.com/2BXmZEr.png,
2220959891,3/28/2019 00:21:33,false,4666186472,,3/28/2019 00:21:02,false,feca,0.4286,45156452,VEN,07,Valencia,201.249.25.198,no,,"",,,https://i.imgur.com/2BXmZEr.png,
2220959892,3/27/2019 23:53:45,false,4666148804,,3/27/2019 23:53:12,false,feca,0.875,45172279,EGY,11,Cairo,156.216.20.139,yes,,"",,,https://i.imgur.com/baLYM1f.png,
2220959892,3/27/2019 23:55:21,false,4666150980,,3/27/2019 23:52:56,false,feca,0.625,45164269,EGY,"","",154.237.151.179,yes,,"",,,https://i.imgur.com/baLYM1f.png,
2220959892,3/28/2019 00:21:33,false,4666186470,,3/28/2019 00:21:02,false,feca,0.4286,45156452,VEN,07,Valencia,201.249.25.198,yes,,"",,,https://i.imgur.com/baLYM1f.png,
2220959893,3/27/2019 23:53:45,false,4666148828,,3/27/2019 23:53:13,false,clixsense,0.25,44732169,POL,78,Warsaw,46.112.85.12,no,,"",,,https://i.imgur.com/zJCHWJV.png,
2220959893,3/27/2019 23:53:56,false,4666149017,,3/27/2019 23:53:25,false,feca,0.5,45155893,EGY,11,Cairo,41.237.15.222,yes,,"",,,https://i.imgur.com/zJCHWJV.png,
2220959893,3/27/2019 23:54:16,false,4666149388,,3/27/2019 23:53:29,false,feca,1.0,45175206,EGY,06,Alexandria,41.42.184.155,yes,,"",,,https://i.imgur.com/zJCHWJV.png,
2220959894,3/27/2019 23:53:45,false,4666148821,,3/27/2019 23:53:13,false,clixsense,0.25,44732169,POL,78,Warsaw,46.112.85.12,no,,"",,,https://i.imgur.com/cbIobMO.png,
2220959894,3/27/2019 23:53:56,false,4666149021,,3/27/2019 23:53:25,false,feca,0.5,45155893,EGY,11,Cairo,41.237.15.222,yes,,"",,,https://i.imgur.com/cbIobMO.png,
2220959894,3/27/2019 23:54:16,false,4666149392,,3/27/2019 23:53:29,false,feca,1.0,45175206,EGY,06,Alexandria,41.42.184.155,yes,,"",,,https://i.imgur.com/cbIobMO.png,
2220959895,3/27/2019 23:53:45,false,4666148825,,3/27/2019 23:53:13,false,clixsense,0.25,44732169,POL,78,Warsaw,46.112.85.12,no,,"",,,https://i.imgur.com/oLtJ4X4.png,
2220959895,3/27/2019 23:53:56,false,4666149019,,3/27/2019 23:53:25,false,feca,0.5,45155893,EGY,11,Cairo,41.237.15.222,yes,,"",,,https://i.imgur.com/oLtJ4X4.png,
2220959895,3/27/2019 23:54:16,false,4666149396,,3/27/2019 23:53:29,false,feca,1.0,45175206,EGY,06,Alexandria,41.42.184.155,yes,,"",,,https://i.imgur.com/oLtJ4X4.png,
2220959896,3/27/2019 23:53:45,false,4666148813,,3/27/2019 23:53:13,false,clixsense,0.25,44732169,POL,78,Warsaw,46.112.85.12,no,,"",,,https://i.imgur.com/HmJHkWL.png,
2220959896,3/27/2019 23:53:56,false,4666149022,,3/27/2019 23:53:25,false,feca,0.5,45155893,EGY,11,Cairo,41.237.15.222,yes,,"",,,https://i.imgur.com/HmJHkWL.png,
2220959896,3/27/2019 23:54:16,false,4666149395,,3/27/2019 23:53:29,false,feca,1.0,45175206,EGY,06,Alexandria,41.42.184.155,yes,,"",,,https://i.imgur.com/HmJHkWL.png,
2220959897,3/27/2019 23:54:20,false,4666149513,,3/27/2019 23:53:47,false,feca,0.875,45172279,EGY,11,Cairo,156.216.20.139,yes,,"",,,https://i.imgur.com/idfI2Mn.png,
2220959897,3/27/2019 23:54:47,false,4666150162,,3/27/2019 23:53:57,false,feca,0.25,45164219,ITA,20,Mestre,79.20.47.210,no,,"",,,https://i.imgur.com/idfI2Mn.png,
2220959897,3/27/2019 23:57:35,false,4666153609,,3/27/2019 23:53:54,false,feca,1.0,45159390,BRA,18,Londrina,201.54.76.205,no,,"",,,https://i.imgur.com/idfI2Mn.png,
2220959898,3/27/2019 23:54:20,false,4666149507,,3/27/2019 23:53:47,false,feca,0.875,45172279,EGY,11,Cairo,156.216.20.139,yes,,"",,,https://i.imgur.com/aIu7j3y.png,
2220959898,3/27/2019 23:54:47,false,4666150172,,3/27/2019 23:53:57,false,feca,0.25,45164219,ITA,20,Mestre,79.20.47.210,no,,"",,,https://i.imgur.com/aIu7j3y.png,
2220959898,3/27/2019 23:57:35,false,4666153623,,3/27/2019 23:53:54,false,feca,1.0,45159390,BRA,18,Londrina,201.54.76.205,no,,"",,,https://i.imgur.com/aIu7j3y.png,
2220959899,3/27/2019 23:54:20,false,4666149525,,3/27/2019 23:53:47,false,feca,0.875,45172279,EGY,11,Cairo,156.216.20.139,yes,,"",,,https://i.imgur.com/8WfzpBc.png,
2220959899,3/27/2019 23:54:47,false,4666150167,,3/27/2019 23:53:57,false,feca,0.25,45164219,ITA,20,Mestre,79.20.47.210,no,,"",,,https://i.imgur.com/8WfzpBc.png,
2220959899,3/27/2019 23:57:35,false,4666153619,,3/27/2019 23:53:54,false,feca,1.0,45159390,BRA,18,Londrina,201.54.76.205,no,,"",,,https://i.imgur.com/8WfzpBc.png,
2220959900,3/27/2019 23:54:20,false,4666149527,,3/27/2019 23:53:47,false,feca,0.875,45172279,EGY,11,Cairo,156.216.20.139,yes,,"",,,https://i.imgur.com/bz0kczZ.png,
2220959900,3/27/2019 23:54:47,false,4666150177,,3/27/2019 23:53:57,false,feca,0.25,45164219,ITA,20,Mestre,79.20.47.210,no,,"",,,https://i.imgur.com/bz0kczZ.png,
2220959900,3/27/2019 23:57:35,false,4666153615,,3/27/2019 23:53:54,false,feca,1.0,45159390,BRA,18,Londrina,201.54.76.205,no,,"",,,https://i.imgur.com/bz0kczZ.png,
2220959901,3/27/2019 23:54:29,false,4666149724,,3/27/2019 23:53:59,false,feca,0.5,45155893,EGY,11,Cairo,41.237.15.222,yes,,"",,,https://i.imgur.com/NLRJNFo.png,
2220959901,3/27/2019 23:54:56,false,4666150401,,3/27/2019 23:53:59,false,feca,0.625,45163976,EGY,"","",102.184.187.10,yes,,"",,,https://i.imgur.com/NLRJNFo.png,
2220959901,3/27/2019 23:56:42,false,4666152684,,3/27/2019 23:54:04,false,clixsense,0.25,44732169,POL,78,Warsaw,46.112.85.12,yes,Optional,scorpio,,,https://i.imgur.com/NLRJNFo.png,
2220959902,3/27/2019 23:54:29,false,4666149722,,3/27/2019 23:53:59,false,feca,0.5,45155893,EGY,11,Cairo,41.237.15.222,yes,,"",,,https://i.imgur.com/kaCA7D3.png,
2220959902,3/27/2019 23:54:56,false,4666150402,,3/27/2019 23:53:59,false,feca,0.625,45163976,EGY,"","",102.184.187.10,yes,,"",,,https://i.imgur.com/kaCA7D3.png,
2220959902,3/27/2019 23:56:42,false,4666152685,,3/27/2019 23:54:04,false,clixsense,0.25,44732169,POL,78,Warsaw,46.112.85.12,yes,Optional,scorpio,,,https://i.imgur.com/kaCA7D3.png,
2220959903,3/27/2019 23:54:29,false,4666149716,,3/27/2019 23:53:59,false,feca,0.5,45155893,EGY,11,Cairo,41.237.15.222,yes,,"",,,https://i.imgur.com/jISH6dd.png,
2220959903,3/27/2019 23:54:56,false,4666150403,,3/27/2019 23:53:59,false,feca,0.625,45163976,EGY,"","",102.184.187.10,yes,,"",,,https://i.imgur.com/jISH6dd.png,
2220959903,3/27/2019 23:56:42,false,4666152687,,3/27/2019 23:54:04,false,clixsense,0.25,44732169,POL,78,Warsaw,46.112.85.12,yes,Optional,scorpio,,,https://i.imgur.com/jISH6dd.png,
2220959904,3/27/2019 23:54:29,false,4666149718,,3/27/2019 23:53:59,false,feca,0.5,45155893,EGY,11,Cairo,41.237.15.222,yes,,"",,,https://i.imgur.com/4h4TE6W.png,
2220959904,3/27/2019 23:54:56,false,4666150400,,3/27/2019 23:53:59,false,feca,0.625,45163976,EGY,"","",102.184.187.10,yes,,"",,,https://i.imgur.com/4h4TE6W.png,
2220959904,3/27/2019 23:56:42,false,4666152688,,3/27/2019 23:54:04,false,clixsense,0.25,44732169,POL,78,Warsaw,46.112.85.12,yes,Optional,scorpio,,,https://i.imgur.com/4h4TE6W.png,
2220959905,3/27/2019 23:54:53,false,4666150353,,3/27/2019 23:54:23,false,feca,0.875,45172279,EGY,11,Cairo,156.216.20.139,no,,"",,,https://i.imgur.com/h67uMiH.png,
2220959905,3/27/2019 23:56:08,false,4666151901,,3/27/2019 23:54:21,false,clixsense,0.25,35849301,USA,NY,New York,142.255.55.251,no,,"",,,https://i.imgur.com/h67uMiH.png,
2220959905,3/27/2019 23:56:34,false,4666152510,,3/27/2019 23:54:18,false,feca,1.0,45175206,EGY,06,Alexandria,41.42.184.155,yes,,"",,,https://i.imgur.com/h67uMiH.png,
2220959906,3/27/2019 23:54:53,false,4666150344,,3/27/2019 23:54:23,false,feca,0.875,45172279,EGY,11,Cairo,156.216.20.139,yes,,"",,,https://i.imgur.com/WsBKRaH.png,
2220959906,3/27/2019 23:56:08,false,4666151904,,3/27/2019 23:54:21,false,clixsense,0.25,35849301,USA,NY,New York,142.255.55.251,no,,"",,,https://i.imgur.com/WsBKRaH.png,
2220959906,3/27/2019 23:56:34,false,4666152521,,3/27/2019 23:54:18,false,feca,1.0,45175206,EGY,06,Alexandria,41.42.184.155,yes,,"",,,https://i.imgur.com/WsBKRaH.png,
2220959907,3/27/2019 23:54:53,false,4666150349,,3/27/2019 23:54:23,false,feca,0.875,45172279,EGY,11,Cairo,156.216.20.139,yes,,"",,,https://i.imgur.com/K3CA31A.png,
2220959907,3/27/2019 23:56:08,false,4666151905,,3/27/2019 23:54:21,false,clixsense,0.25,35849301,USA,NY,New York,142.255.55.251,yes,Optional,scorpion,,,https://i.imgur.com/K3CA31A.png,
2220959907,3/27/2019 23:56:34,false,4666152513,,3/27/2019 23:54:18,false,feca,1.0,45175206,EGY,06,Alexandria,41.42.184.155,yes,,"",,,https://i.imgur.com/K3CA31A.png,
2220959908,3/27/2019 23:54:53,false,4666150346,,3/27/2019 23:54:23,false,feca,0.875,45172279,EGY,11,Cairo,156.216.20.139,yes,,"",,,https://i.imgur.com/Nb707aI.png,
2220959908,3/27/2019 23:56:08,false,4666151908,,3/27/2019 23:54:21,false,clixsense,0.25,35849301,USA,NY,New York,142.255.55.251,yes,Optional,scorpion,,,https://i.imgur.com/Nb707aI.png,
2220959908,3/27/2019 23:56:34,false,4666152518,,3/27/2019 23:54:18,false,feca,1.0,45175206,EGY,06,Alexandria,41.42.184.155,yes,,"",,,https://i.imgur.com/Nb707aI.png,
2220959909,3/27/2019 23:55:01,false,4666150503,,3/27/2019 23:54:38,false,feca,0.5,45175605,EGY,11,Cairo,41.235.28.115,no,,"",,,https://i.imgur.com/ztDJGwH.png,
2220959909,3/27/2019 23:55:07,false,4666150646,,3/27/2019 23:54:36,false,feca,0.875,45173767,EGY,05,Tanta,156.217.111.234,no,,"",,,https://i.imgur.com/ztDJGwH.png,
2220959909,3/27/2019 23:55:52,false,4666151556,,3/27/2019 23:54:58,false,feca,0.625,45163976,EGY,"","",102.184.187.10,yes,,"",,,https://i.imgur.com/ztDJGwH.png,
2220959910,3/27/2019 23:55:01,false,4666150500,,3/27/2019 23:54:38,false,feca,0.5,45175605,EGY,11,Cairo,41.235.28.115,no,,"",,,https://i.imgur.com/rLiwFbn.png,
2220959910,3/27/2019 23:55:07,false,4666150648,,3/27/2019 23:54:36,false,feca,0.875,45173767,EGY,05,Tanta,156.217.111.234,no,,"",,,https://i.imgur.com/rLiwFbn.png,
2220959910,3/27/2019 23:55:52,false,4666151552,,3/27/2019 23:54:58,false,feca,0.625,45163976,EGY,"","",102.184.187.10,yes,,"",,,https://i.imgur.com/rLiwFbn.png,
2220959911,3/27/2019 23:55:01,false,4666150498,,3/27/2019 23:54:38,false,feca,0.5,45175605,EGY,11,Cairo,41.235.28.115,no,,"",,,https://i.imgur.com/1FztWB1.png,
2220959911,3/27/2019 23:55:07,false,4666150653,,3/27/2019 23:54:36,false,feca,0.875,45173767,EGY,05,Tanta,156.217.111.234,no,,"",,,https://i.imgur.com/1FztWB1.png,
2220959911,3/27/2019 23:55:52,false,4666151560,,3/27/2019 23:54:58,false,feca,0.625,45163976,EGY,"","",102.184.187.10,no,,"",,,https://i.imgur.com/1FztWB1.png,
2220959912,3/27/2019 23:55:01,false,4666150496,,3/27/2019 23:54:38,false,feca,0.5,45175605,EGY,11,Cairo,41.235.28.115,no,,"",,,https://i.imgur.com/G2vRJjh.png,
2220959912,3/27/2019 23:55:07,false,4666150651,,3/27/2019 23:54:36,false,feca,0.875,45173767,EGY,05,Tanta,156.217.111.234,no,,"",,,https://i.imgur.com/G2vRJjh.png,
2220959912,3/27/2019 23:55:52,false,4666151565,,3/27/2019 23:54:58,false,feca,0.625,45163976,EGY,"","",102.184.187.10,no,,"",,,https://i.imgur.com/G2vRJjh.png,
2220959913,3/27/2019 23:55:40,false,4666151362,,3/27/2019 23:55:09,false,feca,0.875,45173767,EGY,05,Tanta,156.217.111.234,no,,"",,,https://i.imgur.com/orLdDvL.png,
2220959913,3/27/2019 23:55:58,false,4666151731,,3/27/2019 23:55:23,false,clixsense,0.25,44916295,RUS,"","",90.154.4.56,no,,"",,,https://i.imgur.com/orLdDvL.png,
2220959913,3/27/2019 23:56:29,false,4666152380,,3/27/2019 23:55:17,false,clixsense,1.0,7344788,LVA,23,Rezekne,87.110.104.231,no,,"",,,https://i.imgur.com/orLdDvL.png,
2220959914,3/27/2019 23:55:40,false,4666151358,,3/27/2019 23:55:09,false,feca,0.875,45173767,EGY,05,Tanta,156.217.111.234,no,,"",,,https://i.imgur.com/c3xwpXv.png,
2220959914,3/27/2019 23:55:58,false,4666151735,,3/27/2019 23:55:23,false,clixsense,0.25,44916295,RUS,"","",90.154.4.56,no,,"",,,https://i.imgur.com/c3xwpXv.png,
2220959914,3/27/2019 23:56:29,false,4666152381,,3/27/2019 23:55:17,false,clixsense,1.0,7344788,LVA,23,Rezekne,87.110.104.231,no,,"",,,https://i.imgur.com/c3xwpXv.png,
2220959915,3/27/2019 23:55:40,false,4666151360,,3/27/2019 23:55:09,false,feca,0.875,45173767,EGY,05,Tanta,156.217.111.234,no,,"",,,https://i.imgur.com/xmB6Rph.png,
2220959915,3/27/2019 23:55:58,false,4666151732,,3/27/2019 23:55:23,false,clixsense,0.25,44916295,RUS,"","",90.154.4.56,no,,"",,,https://i.imgur.com/xmB6Rph.png,
2220959915,3/27/2019 23:56:29,false,4666152382,,3/27/2019 23:55:17,false,clixsense,1.0,7344788,LVA,23,Rezekne,87.110.104.231,no,,"",,,https://i.imgur.com/xmB6Rph.png,
2220959916,3/27/2019 23:55:40,false,4666151361,,3/27/2019 23:55:09,false,feca,0.875,45173767,EGY,05,Tanta,156.217.111.234,no,,"",,,https://i.imgur.com/t91qlio.png,
2220959916,3/27/2019 23:55:58,false,4666151734,,3/27/2019 23:55:23,false,clixsense,0.25,44916295,RUS,"","",90.154.4.56,no,,"",,,https://i.imgur.com/t91qlio.png,
2220959916,3/27/2019 23:56:29,false,4666152379,,3/27/2019 23:55:17,false,clixsense,1.0,7344788,LVA,23,Rezekne,87.110.104.231,no,,"",,,https://i.imgur.com/t91qlio.png,
2220959917,3/27/2019 23:55:35,false,4666151226,,3/27/2019 23:55:23,false,feca,0.625,45164269,EGY,"","",154.237.151.179,no,,"",,,https://i.imgur.com/nFcswKj.png,
2220959917,3/27/2019 23:55:42,false,4666151383,,3/27/2019 23:55:25,false,feca,1.0,45178083,EGY,08,Gîza,45.106.74.136,no,,"",,,https://i.imgur.com/nFcswKj.png,
2220959917,3/27/2019 23:56:13,false,4666152011,,3/27/2019 23:55:43,false,feca,0.875,45173767,EGY,05,Tanta,156.217.111.234,no,,"",,,https://i.imgur.com/nFcswKj.png,
2220959918,3/27/2019 23:55:35,false,4666151224,,3/27/2019 23:55:23,false,feca,0.625,45164269,EGY,"","",154.237.151.179,no,,"",,,https://i.imgur.com/P6c2KJk.png,
2220959918,3/27/2019 23:55:42,false,4666151384,,3/27/2019 23:55:25,false,feca,1.0,45178083,EGY,08,Gîza,45.106.74.136,no,,"",,,https://i.imgur.com/P6c2KJk.png,
2220959918,3/27/2019 23:56:13,false,4666152010,,3/27/2019 23:55:43,false,feca,0.875,45173767,EGY,05,Tanta,156.217.111.234,no,,"",,,https://i.imgur.com/P6c2KJk.png,
2220959919,3/27/2019 23:55:35,false,4666151225,,3/27/2019 23:55:23,false,feca,0.625,45164269,EGY,"","",154.237.151.179,no,,"",,,https://i.imgur.com/hEz2804.png,
2220959919,3/27/2019 23:55:42,false,4666151386,,3/27/2019 23:55:25,false,feca,1.0,45178083,EGY,08,Gîza,45.106.74.136,no,,"",,,https://i.imgur.com/hEz2804.png,
2220959919,3/27/2019 23:56:13,false,4666152008,,3/27/2019 23:55:43,false,feca,0.875,45173767,EGY,05,Tanta,156.217.111.234,no,,"",,,https://i.imgur.com/hEz2804.png,
2220959920,3/27/2019 23:55:35,false,4666151227,,3/27/2019 23:55:23,false,feca,0.625,45164269,EGY,"","",154.237.151.179,no,,"",,,https://i.imgur.com/UJi8fRV.png,
2220959920,3/27/2019 23:55:42,false,4666151388,,3/27/2019 23:55:25,false,feca,1.0,45178083,EGY,08,Gîza,45.106.74.136,no,,"",,,https://i.imgur.com/UJi8fRV.png,
2220959920,3/27/2019 23:56:13,false,4666152007,,3/27/2019 23:55:43,false,feca,0.875,45173767,EGY,05,Tanta,156.217.111.234,no,,"",,,https://i.imgur.com/UJi8fRV.png,
2220959921,3/27/2019 23:55:53,false,4666151608,,3/27/2019 23:55:37,false,feca,0.625,45164269,EGY,"","",154.237.151.179,no,,"",,,https://i.imgur.com/IlCWHrC.png,
2220959921,3/27/2019 23:56:03,false,4666151832,,3/27/2019 23:55:44,false,feca,1.0,45178083,EGY,08,Gîza,45.106.74.136,no,,"",,,https://i.imgur.com/IlCWHrC.png,
2220959921,3/27/2019 23:56:07,false,4666151887,,3/27/2019 23:55:53,false,feca,0.5,45175605,EGY,11,Cairo,41.235.28.115,no,,"",,,https://i.imgur.com/IlCWHrC.png,
2220959922,3/27/2019 23:55:53,false,4666151602,,3/27/2019 23:55:37,false,feca,0.625,45164269,EGY,"","",154.237.151.179,no,,"",,,https://i.imgur.com/B4AzIjE.png,
2220959922,3/27/2019 23:56:03,false,4666151829,,3/27/2019 23:55:44,false,feca,1.0,45178083,EGY,08,Gîza,45.106.74.136,no,,"",,,https://i.imgur.com/B4AzIjE.png,
2220959922,3/27/2019 23:56:07,false,4666151888,,3/27/2019 23:55:53,false,feca,0.5,45175605,EGY,11,Cairo,41.235.28.115,no,,"",,,https://i.imgur.com/B4AzIjE.png,
2220959923,3/27/2019 23:55:53,false,4666151604,,3/27/2019 23:55:37,false,feca,0.625,45164269,EGY,"","",154.237.151.179,no,,"",,,https://i.imgur.com/1q731DL.png,
2220959923,3/27/2019 23:56:03,false,4666151840,,3/27/2019 23:55:44,false,feca,1.0,45178083,EGY,08,Gîza,45.106.74.136,no,,"",,,https://i.imgur.com/1q731DL.png,
2220959923,3/27/2019 23:56:07,false,4666151890,,3/27/2019 23:55:53,false,feca,0.5,45175605,EGY,11,Cairo,41.235.28.115,no,,"",,,https://i.imgur.com/1q731DL.png,
2220959924,3/27/2019 23:55:53,false,4666151606,,3/27/2019 23:55:37,false,feca,0.625,45164269,EGY,"","",154.237.151.179,no,,"",,,https://i.imgur.com/QVpT9Rm.png,
2220959924,3/27/2019 23:56:03,false,4666151834,,3/27/2019 23:55:44,false,feca,1.0,45178083,EGY,08,Gîza,45.106.74.136,no,,"",,,https://i.imgur.com/QVpT9Rm.png,
2220959924,3/27/2019 23:56:07,false,4666151894,,3/27/2019 23:55:53,false,feca,0.5,45175605,EGY,11,Cairo,41.235.28.115,no,,"",,,https://i.imgur.com/QVpT9Rm.png,
2220959925,3/27/2019 23:56:21,false,4666152197,,3/27/2019 23:56:05,false,feca,1.0,45178083,EGY,08,Gîza,45.106.74.136,no,,"",,,https://i.imgur.com/slPMbss.png,
2220959925,3/27/2019 23:56:29,false,4666152386,,3/27/2019 23:56:01,false,clixsense,0.25,44916295,RUS,"","",90.154.4.56,no,,"",,,https://i.imgur.com/slPMbss.png,
2220959925,3/27/2019 23:56:48,false,4666152759,,3/27/2019 23:55:54,false,feca,0.625,45163976,EGY,"","",102.184.187.10,yes,,"",,,https://i.imgur.com/slPMbss.png,
2220959926,3/27/2019 23:56:21,false,4666152195,,3/27/2019 23:56:05,false,feca,1.0,45178083,EGY,08,Gîza,45.106.74.136,no,,"",,,https://i.imgur.com/doEeNm6.png,
2220959926,3/27/2019 23:56:29,false,4666152384,,3/27/2019 23:56:01,false,clixsense,0.25,44916295,RUS,"","",90.154.4.56,no,,"",,,https://i.imgur.com/doEeNm6.png,
2220959926,3/27/2019 23:56:48,false,4666152756,,3/27/2019 23:55:54,false,feca,0.625,45163976,EGY,"","",102.184.187.10,no,,"",,,https://i.imgur.com/doEeNm6.png,
2220959927,3/27/2019 23:56:21,false,4666152191,,3/27/2019 23:56:05,false,feca,1.0,45178083,EGY,08,Gîza,45.106.74.136,no,,"",,,https://i.imgur.com/JrFRmU5.png,
2220959927,3/27/2019 23:56:29,false,4666152385,,3/27/2019 23:56:01,false,clixsense,0.25,44916295,RUS,"","",90.154.4.56,no,,"",,,https://i.imgur.com/JrFRmU5.png,
2220959927,3/27/2019 23:56:48,false,4666152761,,3/27/2019 23:55:54,false,feca,0.625,45163976,EGY,"","",102.184.187.10,no,,"",,,https://i.imgur.com/JrFRmU5.png,
2220959928,3/27/2019 23:56:21,false,4666152189,,3/27/2019 23:56:05,false,feca,1.0,45178083,EGY,08,Gîza,45.106.74.136,no,,"",,,https://i.imgur.com/3xYo2V9.png,
2220959928,3/27/2019 23:56:29,false,4666152383,,3/27/2019 23:56:01,false,clixsense,0.25,44916295,RUS,"","",90.154.4.56,no,,"",,,https://i.imgur.com/3xYo2V9.png,
2220959928,3/27/2019 23:56:48,false,4666152758,,3/27/2019 23:55:54,false,feca,0.625,45163976,EGY,"","",102.184.187.10,no,,"",,,https://i.imgur.com/3xYo2V9.png,
2220959929,3/27/2019 23:56:50,false,4666152818,,3/27/2019 23:56:18,false,clixsense,0.25,35849301,USA,NY,New York,142.255.55.251,no,,"",,,https://i.imgur.com/gzEVmI8.png,
2220959929,3/27/2019 23:59:30,false,4666156160,,3/27/2019 23:59:09,false,clixsense,1.0,43953345,UKR,04,Dnepropetrovsk,91.227.151.16,yes,,"",,,https://i.imgur.com/gzEVmI8.png,
2220959929,3/28/2019 00:02:49,false,4666160271,,3/27/2019 23:56:09,false,feca,0.5,45175605,EGY,11,Cairo,41.235.28.115,no,,"",,,https://i.imgur.com/gzEVmI8.png,
2220959930,3/27/2019 23:56:50,false,4666152819,,3/27/2019 23:56:18,false,clixsense,0.25,35849301,USA,NY,New York,142.255.55.251,no,,"",,,https://i.imgur.com/XYQoVy5.png,
2220959930,3/27/2019 23:59:30,false,4666156165,,3/27/2019 23:59:09,false,clixsense,1.0,43953345,UKR,04,Dnepropetrovsk,91.227.151.16,yes,,"",,,https://i.imgur.com/XYQoVy5.png,
2220959930,3/28/2019 00:02:49,false,4666160266,,3/27/2019 23:56:09,false,feca,0.5,45175605,EGY,11,Cairo,41.235.28.115,no,,"",,,https://i.imgur.com/XYQoVy5.png,
2220959931,3/27/2019 23:56:50,false,4666152816,,3/27/2019 23:56:18,false,clixsense,0.25,35849301,USA,NY,New York,142.255.55.251,no,,"",,,https://i.imgur.com/4y4t10c.png,
2220959931,3/27/2019 23:59:30,false,4666156163,,3/27/2019 23:59:09,false,clixsense,1.0,43953345,UKR,04,Dnepropetrovsk,91.227.151.16,yes,,"",,,https://i.imgur.com/4y4t10c.png,
2220959931,3/28/2019 00:02:49,false,4666160262,,3/27/2019 23:56:09,false,feca,0.5,45175605,EGY,11,Cairo,41.235.28.115,no,,"",,,https://i.imgur.com/4y4t10c.png,
2220959932,3/27/2019 23:56:50,false,4666152820,,3/27/2019 23:56:18,false,clixsense,0.25,35849301,USA,NY,New York,142.255.55.251,no,,"",,,https://i.imgur.com/60RVODx.png,
2220959932,3/27/2019 23:59:30,false,4666156161,,3/27/2019 23:59:09,false,clixsense,1.0,43953345,UKR,04,Dnepropetrovsk,91.227.151.16,yes,,"",,,https://i.imgur.com/60RVODx.png,
2220959932,3/28/2019 00:02:49,false,4666160278,,3/27/2019 23:56:09,false,feca,0.5,45175605,EGY,11,Cairo,41.235.28.115,no,,"",,,https://i.imgur.com/60RVODx.png,
2220959933,3/27/2019 23:57:04,false,4666153081,,3/27/2019 23:56:43,false,clixsense,1.0,45029834,UKR,"","",37.73.204.2,yes,,"",,,https://i.imgur.com/gMnAQTk.png,
2220959933,3/27/2019 23:57:23,false,4666153355,,3/27/2019 23:56:30,false,clixsense,1.0,7344788,LVA,23,Rezekne,87.110.104.231,no,,"",,,https://i.imgur.com/gMnAQTk.png,
2220959933,3/27/2019 23:58:07,false,4666154422,,3/27/2019 23:56:36,false,feca,1.0,45175206,EGY,06,Alexandria,41.42.184.155,no,,"",,,https://i.imgur.com/gMnAQTk.png,
2220959934,3/27/2019 23:57:04,false,4666153086,,3/27/2019 23:56:43,false,clixsense,1.0,45029834,UKR,"","",37.73.204.2,yes,,"",,,https://i.imgur.com/D70O9pD.png,
2220959934,3/27/2019 23:57:23,false,4666153360,,3/27/2019 23:56:30,false,clixsense,1.0,7344788,LVA,23,Rezekne,87.110.104.231,no,,"",,,https://i.imgur.com/D70O9pD.png,
2220959934,3/27/2019 23:58:07,false,4666154440,,3/27/2019 23:56:36,false,feca,1.0,45175206,EGY,06,Alexandria,41.42.184.155,no,,"",,,https://i.imgur.com/D70O9pD.png,
2220959935,3/27/2019 23:57:04,false,4666153083,,3/27/2019 23:56:43,false,clixsense,1.0,45029834,UKR,"","",37.73.204.2,yes,,"",,,https://i.imgur.com/0TURv9h.png,
2220959935,3/27/2019 23:57:23,false,4666153366,,3/27/2019 23:56:30,false,clixsense,1.0,7344788,LVA,23,Rezekne,87.110.104.231,no,,"",,,https://i.imgur.com/0TURv9h.png,
2220959935,3/27/2019 23:58:07,false,4666154428,,3/27/2019 23:56:36,false,feca,1.0,45175206,EGY,06,Alexandria,41.42.184.155,no,,"",,,https://i.imgur.com/0TURv9h.png,
2220959936,3/27/2019 23:57:04,false,4666153080,,3/27/2019 23:56:43,false,clixsense,1.0,45029834,UKR,"","",37.73.204.2,no,,"",,,https://i.imgur.com/3h4EnpM.png,
2220959936,3/27/2019 23:57:23,false,4666153364,,3/27/2019 23:56:30,false,clixsense,1.0,7344788,LVA,23,Rezekne,87.110.104.231,no,,"",,,https://i.imgur.com/3h4EnpM.png,
2220959936,3/27/2019 23:58:07,false,4666154446,,3/27/2019 23:56:36,false,feca,1.0,45175206,EGY,06,Alexandria,41.42.184.155,no,,"",,,https://i.imgur.com/3h4EnpM.png,
2220959937,3/27/2019 23:57:24,false,4666153405,,3/27/2019 23:56:49,false,clixsense,0.25,44916295,RUS,"","",90.154.4.56,no,,"",,,https://i.imgur.com/ufvMw3l.png,
2220959937,3/27/2019 23:57:29,false,4666153535,,3/27/2019 23:57:06,false,clixsense,1.0,45029834,UKR,"","",37.73.204.2,yes,,"",,,https://i.imgur.com/ufvMw3l.png,
2220959937,3/27/2019 23:57:53,false,4666154056,,3/27/2019 23:57:01,false,clixsense,0.25,35849301,USA,NY,New York,142.255.55.251,no,,"",,,https://i.imgur.com/ufvMw3l.png,
2220959938,3/27/2019 23:57:24,false,4666153398,,3/27/2019 23:56:49,false,clixsense,0.25,44916295,RUS,"","",90.154.4.56,no,,"",,,https://i.imgur.com/RNPfrb7.png,
2220959938,3/27/2019 23:57:29,false,4666153545,,3/27/2019 23:57:06,false,clixsense,1.0,45029834,UKR,"","",37.73.204.2,no,,"",,,https://i.imgur.com/RNPfrb7.png,
2220959938,3/27/2019 23:57:53,false,4666154054,,3/27/2019 23:57:01,false,clixsense,0.25,35849301,USA,NY,New York,142.255.55.251,no,,"",,,https://i.imgur.com/RNPfrb7.png,
2220959939,3/27/2019 23:57:24,false,4666153403,,3/27/2019 23:56:49,false,clixsense,0.25,44916295,RUS,"","",90.154.4.56,no,,"",,,https://i.imgur.com/lbdHzud.png,
2220959939,3/27/2019 23:57:29,false,4666153537,,3/27/2019 23:57:06,false,clixsense,1.0,45029834,UKR,"","",37.73.204.2,no,,"",,,https://i.imgur.com/lbdHzud.png,
2220959939,3/27/2019 23:57:53,false,4666154053,,3/27/2019 23:57:01,false,clixsense,0.25,35849301,USA,NY,New York,142.255.55.251,no,,"",,,https://i.imgur.com/lbdHzud.png,
2220959940,3/27/2019 23:57:24,false,4666153407,,3/27/2019 23:56:49,false,clixsense,0.25,44916295,RUS,"","",90.154.4.56,no,,"",,,https://i.imgur.com/FdFoea3.png,
2220959940,3/27/2019 23:57:29,false,4666153543,,3/27/2019 23:57:06,false,clixsense,1.0,45029834,UKR,"","",37.73.204.2,yes,,"",,,https://i.imgur.com/FdFoea3.png,
2220959940,3/27/2019 23:57:53,false,4666154055,,3/27/2019 23:57:01,false,clixsense,0.25,35849301,USA,NY,New York,142.255.55.251,no,,"",,,https://i.imgur.com/FdFoea3.png,
2220959941,3/27/2019 23:57:42,false,4666153753,,3/27/2019 23:57:18,false,feca,0.4286,45156452,VEN,07,Valencia,201.249.25.198,yes,,"",,,https://i.imgur.com/aEnS2Y7.png,
2220959941,3/27/2019 23:58:01,false,4666154252,,3/27/2019 23:57:31,false,clixsense,1.0,45029834,UKR,"","",37.73.204.2,yes,,"",,,https://i.imgur.com/aEnS2Y7.png,
2220959941,3/27/2019 23:58:22,false,4666154790,,3/27/2019 23:57:24,false,clixsense,1.0,7344788,LVA,23,Rezekne,87.110.104.231,no,,"",,,https://i.imgur.com/aEnS2Y7.png,
2220959942,3/27/2019 23:57:42,false,4666153759,,3/27/2019 23:57:18,false,feca,0.4286,45156452,VEN,07,Valencia,201.249.25.198,yes,,"",,,https://i.imgur.com/9kO8tLR.png,
2220959942,3/27/2019 23:58:01,false,4666154249,,3/27/2019 23:57:31,false,clixsense,1.0,45029834,UKR,"","",37.73.204.2,yes,,"",,,https://i.imgur.com/9kO8tLR.png,
2220959942,3/27/2019 23:58:22,false,4666154783,,3/27/2019 23:57:24,false,clixsense,1.0,7344788,LVA,23,Rezekne,87.110.104.231,no,,"",,,https://i.imgur.com/9kO8tLR.png,
2220959943,3/27/2019 23:57:42,false,4666153756,,3/27/2019 23:57:18,false,feca,0.4286,45156452,VEN,07,Valencia,201.249.25.198,yes,,"",,,https://i.imgur.com/H4bMzUJ.png,
2220959943,3/27/2019 23:58:01,false,4666154254,,3/27/2019 23:57:31,false,clixsense,1.0,45029834,UKR,"","",37.73.204.2,yes,,"",,,https://i.imgur.com/H4bMzUJ.png,
2220959943,3/27/2019 23:58:22,false,4666154786,,3/27/2019 23:57:24,false,clixsense,1.0,7344788,LVA,23,Rezekne,87.110.104.231,no,,"",,,https://i.imgur.com/H4bMzUJ.png,
2220959944,3/27/2019 23:57:42,false,4666153764,,3/27/2019 23:57:18,false,feca,0.4286,45156452,VEN,07,Valencia,201.249.25.198,yes,,"",,,https://i.imgur.com/TqboHbY.png,
2220959944,3/27/2019 23:58:01,false,4666154259,,3/27/2019 23:57:31,false,clixsense,1.0,45029834,UKR,"","",37.73.204.2,yes,,"",,,https://i.imgur.com/TqboHbY.png,
2220959944,3/27/2019 23:58:22,false,4666154780,,3/27/2019 23:57:24,false,clixsense,1.0,7344788,LVA,23,Rezekne,87.110.104.231,no,,"",,,https://i.imgur.com/TqboHbY.png,
2220960834,3/27/2019 23:45:58,true,4666137256,true,3/27/2019 23:45:20,true,feca,0.0,45164659,VNM,83,Viet Tri,42.113.173.57,yes,Optional,snail,yes,,https://i.imgur.com/X8UsZgs.png,
2220960834,3/27/2019 23:46:05,true,4666137452,,3/27/2019 23:45:07,false,clixsense,1.0,44591122,UKR,"","",94.131.215.9,yes,,"",yes,,https://i.imgur.com/X8UsZgs.png,
2220960834,3/27/2019 23:47:33,true,4666139767,true,3/27/2019 23:46:09,false,feca,0.4286,45156452,VEN,07,Valencia,201.249.25.198,yes,Optional,snail,yes,,https://i.imgur.com/X8UsZgs.png,
2220960834,3/27/2019 23:47:42,true,4666140034,,3/27/2019 23:46:17,false,clixsense,1.0,44986011,UKR,03,Chernivtsi,176.120.42.150,yes,,"",yes,,https://i.imgur.com/X8UsZgs.png,
2220960834,3/27/2019 23:47:45,true,4666140093,true,3/27/2019 23:46:15,false,neodev,0.5,43996379,VEN,25,Caracas,186.185.98.61,yes,Optional,snail,yes,,https://i.imgur.com/X8UsZgs.png,
2220960834,3/27/2019 23:48:14,true,4666140851,,3/27/2019 23:46:33,false,clixsense,1.0,44064918,UKR,"","",46.96.41.30,yes,,"",yes,,https://i.imgur.com/X8UsZgs.png,
2220960834,3/27/2019 23:48:16,true,4666140927,,3/27/2019 23:47:49,false,feca,1.0,45166580,EGY,11,Cairo,196.133.0.242,yes,,"",yes,,https://i.imgur.com/X8UsZgs.png,
2220960834,3/27/2019 23:48:18,true,4666140996,,3/27/2019 23:47:03,false,clixsense,1.0,44510146,UKR,"","",37.73.203.75,yes,,"",yes,,https://i.imgur.com/X8UsZgs.png,
2220960834,3/27/2019 23:48:31,true,4666141304,,3/27/2019 23:47:47,false,feca,0.8571,45173711,SVK,"","",188.167.250.34,yes,,"",yes,,https://i.imgur.com/X8UsZgs.png,
2220960834,3/27/2019 23:48:57,true,4666142166,,3/27/2019 23:48:21,false,feca,1.0,45165171,SRB,00,Beograd,109.245.36.114,yes,,"",yes,,https://i.imgur.com/X8UsZgs.png,
2220960834,3/27/2019 23:50:04,true,4666143914,,3/27/2019 23:49:44,false,neodev,1.0,44200224,EGY,11,Cairo,197.41.59.72,yes,,"",yes,,https://i.imgur.com/X8UsZgs.png,
2220960834,3/27/2019 23:50:08,true,4666144016,true,3/27/2019 23:47:31,false,feca,0.5,45161460,BIH,01,Sarajevo,77.77.217.133,yes,Optional,snail,yes,,https://i.imgur.com/X8UsZgs.png,
2220960834,3/27/2019 23:51:05,true,4666145439,true,3/27/2019 23:49:27,false,neodev,0.4,43207582,ARG,07,Flores,190.19.15.166,yes,Optional,snail,yes,,https://i.imgur.com/X8UsZgs.png,
2220960834,3/27/2019 23:51:56,true,4666146595,,3/27/2019 23:51:09,false,feca,1.0,45159390,BRA,18,Londrina,201.54.76.205,yes,,"",yes,,https://i.imgur.com/X8UsZgs.png,
2220960834,3/27/2019 23:52:20,true,4666147088,true,3/27/2019 23:48:51,false,feca,0.5,45155893,EGY,11,Cairo,41.237.15.222,yes,Optional,snail,yes,,https://i.imgur.com/X8UsZgs.png,
2220960834,3/27/2019 23:52:29,true,4666147255,true,3/27/2019 23:50:04,false,feca,0.625,45163976,EGY,"","",102.184.187.10,yes,Optional,seasnail,yes,,https://i.imgur.com/X8UsZgs.png,
2220960834,3/27/2019 23:53:04,true,4666148136,,3/27/2019 23:51:40,false,feca,0.875,45172279,EGY,11,Cairo,156.216.20.139,yes,,"",yes,,https://i.imgur.com/X8UsZgs.png,
2220960834,3/27/2019 23:53:26,true,4666148462,,3/27/2019 23:50:12,false,feca,1.0,45175206,EGY,06,Alexandria,41.42.184.155,yes,,"",yes,,https://i.imgur.com/X8UsZgs.png,
2220960834,3/27/2019 23:54:03,true,4666149086,true,3/27/2019 23:52:42,false,clixsense,0.25,35849301,USA,NY,New York,142.255.55.251,yes,Optional,snail,yes,,https://i.imgur.com/X8UsZgs.png,
2220960834,3/27/2019 23:54:10,true,4666149274,true,3/27/2019 23:51:58,false,feca,0.5,45175605,EGY,11,Cairo,41.235.28.115,yes,Optional,snail,yes,,https://i.imgur.com/X8UsZgs.png,
2220960834,3/27/2019 23:54:27,true,4666149604,,3/27/2019 23:53:49,false,feca,0.875,45173767,EGY,05,Tanta,156.217.111.234,yes,,"",yes,,https://i.imgur.com/X8UsZgs.png,
2220960834,3/27/2019 23:54:47,true,4666150157,true,3/27/2019 23:53:57,false,feca,0.25,45164219,ITA,20,Mestre,79.20.47.210,no,,"",yes,,https://i.imgur.com/X8UsZgs.png,
2220960834,3/27/2019 23:54:48,true,4666150198,true,3/27/2019 23:52:02,false,clixsense,0.25,44916295,RUS,"","",90.154.4.56,yes,Optional,snail,yes,,https://i.imgur.com/X8UsZgs.png,
2220960834,3/27/2019 23:55:15,true,4666150865,,3/27/2019 23:50:35,false,clixsense,1.0,7344788,LVA,23,Rezekne,87.110.104.231,yes,,"",yes,,https://i.imgur.com/X8UsZgs.png,
2220960834,3/27/2019 23:55:22,true,4666150990,,3/27/2019 23:53:44,false,feca,1.0,45178083,EGY,08,Gîza,45.106.74.136,yes,,"",yes,,https://i.imgur.com/X8UsZgs.png,
2220960834,3/27/2019 23:55:35,true,4666151228,,3/27/2019 23:55:23,false,feca,0.625,45164269,EGY,"","",154.237.151.179,yes,,"",yes,,https://i.imgur.com/X8UsZgs.png,
2220960834,3/27/2019 23:56:42,true,4666152689,true,3/27/2019 23:54:04,false,clixsense,0.25,44732169,POL,78,Warsaw,46.112.85.12,yes,Optional,snail,yes,,https://i.imgur.com/X8UsZgs.png,
2220960834,3/27/2019 23:57:29,true,4666153540,,3/27/2019 23:57:06,false,clixsense,1.0,45029834,UKR,"","",37.73.204.2,yes,,"",yes,,https://i.imgur.com/X8UsZgs.png,
2220960834,3/27/2019 23:57:57,true,4666154161,,3/27/2019 23:55:33,false,clixsense,1.0,43953345,UKR,04,Dnepropetrovsk,91.227.151.16,yes,,"",yes,,https://i.imgur.com/X8UsZgs.png,
2220960834,3/28/2019 00:01:14,true,4666158284,true,3/27/2019 23:59:10,false,feca,0.2,45161174,BIH,02,Prijedor,134.90.134.235,yes,Optional,nail,yes,,https://i.imgur.com/X8UsZgs.png,
2220960834,3/28/2019 00:19:25,true,4666182380,,3/28/2019 00:18:12,false,clixsense,1.0,44149136,UKR,03,Chernivtsi,195.88.138.72,yes,,"",yes,,https://i.imgur.com/X8UsZgs.png,
2220960834,3/28/2019 00:21:52,true,4666187168,true,3/28/2019 00:16:42,false,clixsense,0.2,41067607,MYS,12,Batu Caves,43.252.233.39,yes,Optional,snail,yes,,https://i.imgur.com/X8UsZgs.png,
2220960987,3/27/2019 23:46:05,true,4666137447,,3/27/2019 23:45:07,false,clixsense,1.0,44591122,UKR,"","",94.131.215.9,no,,"",no,,https://i.imgur.com/1q731DL.png,
2220960987,3/27/2019 23:47:33,true,4666139769,,3/27/2019 23:46:09,false,feca,0.4286,45156452,VEN,07,Valencia,201.249.25.198,no,,"",no,,https://i.imgur.com/1q731DL.png,
2220960987,3/27/2019 23:47:36,true,4666139829,,3/27/2019 23:46:38,false,feca,1.0,45165171,SRB,00,Beograd,109.245.36.114,no,,"",no,,https://i.imgur.com/1q731DL.png,
2220960987,3/27/2019 23:48:14,true,4666140839,,3/27/2019 23:46:33,false,clixsense,1.0,44064918,UKR,"","",46.96.41.30,no,,"",no,,https://i.imgur.com/1q731DL.png,
2220960987,3/27/2019 23:48:16,true,4666140930,,3/27/2019 23:47:49,false,feca,1.0,45166580,EGY,11,Cairo,196.133.0.242,no,,"",no,,https://i.imgur.com/1q731DL.png,
2220960987,3/27/2019 23:48:18,true,4666140991,,3/27/2019 23:47:03,false,clixsense,1.0,44510146,UKR,"","",37.73.203.75,no,,"",no,,https://i.imgur.com/1q731DL.png,
2220960987,3/27/2019 23:48:31,true,4666141299,true,3/27/2019 23:47:47,false,feca,0.8571,45173711,SVK,"","",188.167.250.34,yes,,"",no,,https://i.imgur.com/1q731DL.png,
2220960987,3/27/2019 23:49:53,true,4666143668,,3/27/2019 23:49:25,false,neodev,0.5,43996379,VEN,25,Caracas,186.185.98.61,no,,"",no,,https://i.imgur.com/1q731DL.png,
2220960987,3/27/2019 23:50:08,true,4666144014,,3/27/2019 23:47:31,false,feca,0.5,45161460,BIH,01,Sarajevo,77.77.217.133,no,,"",no,,https://i.imgur.com/1q731DL.png,
2220960987,3/27/2019 23:50:27,true,4666144533,,3/27/2019 23:50:06,false,neodev,1.0,44200224,EGY,11,Cairo,197.41.59.72,no,,"",no,,https://i.imgur.com/1q731DL.png,
2220960987,3/27/2019 23:51:05,true,4666145437,,3/27/2019 23:49:27,false,neodev,0.4,43207582,ARG,07,Flores,190.19.15.166,no,,"",no,,https://i.imgur.com/1q731DL.png,
2220960987,3/27/2019 23:51:56,true,4666146579,,3/27/2019 23:51:09,false,feca,1.0,45159390,BRA,18,Londrina,201.54.76.205,no,,"",no,,https://i.imgur.com/1q731DL.png,
2220960987,3/27/2019 23:51:59,true,4666146626,,3/27/2019 23:51:16,false,clixsense,0.25,44732169,POL,78,Warsaw,46.112.85.12,no,,"",no,,https://i.imgur.com/1q731DL.png,
2220960987,3/27/2019 23:52:27,true,4666147212,,3/27/2019 23:51:46,false,clixsense,1.0,44986011,UKR,03,Chernivtsi,176.120.42.150,no,,"",no,,https://i.imgur.com/1q731DL.png,
2220960987,3/27/2019 23:52:29,true,4666147259,,3/27/2019 23:50:04,false,feca,0.625,45163976,EGY,"","",102.184.187.10,no,,"",no,,https://i.imgur.com/1q731DL.png,
2220960987,3/27/2019 23:52:36,true,4666147529,,3/27/2019 23:50:49,false,feca,0.625,45164269,EGY,"","",154.237.151.179,no,,"",no,,https://i.imgur.com/1q731DL.png,
2220960987,3/27/2019 23:53:04,true,4666148129,,3/27/2019 23:51:40,false,feca,0.875,45172279,EGY,11,Cairo,156.216.20.139,no,,"",no,,https://i.imgur.com/1q731DL.png,
2220960987,3/27/2019 23:53:55,true,4666148989,,3/27/2019 23:52:50,false,feca,0.25,45164219,ITA,20,Mestre,79.20.47.210,no,,"",no,,https://i.imgur.com/1q731DL.png,
2220960987,3/27/2019 23:53:56,true,4666149020,,3/27/2019 23:53:25,false,feca,0.5,45155893,EGY,11,Cairo,41.237.15.222,no,,"",no,,https://i.imgur.com/1q731DL.png,
2220960987,3/27/2019 23:54:03,true,4666149089,,3/27/2019 23:52:42,false,clixsense,0.25,35849301,USA,NY,New York,142.255.55.251,no,,"",no,,https://i.imgur.com/1q731DL.png,
2220960987,3/27/2019 23:54:10,true,4666149267,,3/27/2019 23:51:58,false,feca,0.5,45175605,EGY,11,Cairo,41.235.28.115,no,,"",no,,https://i.imgur.com/1q731DL.png,
2220960987,3/27/2019 23:54:27,true,4666149612,,3/27/2019 23:53:49,false,feca,0.875,45173767,EGY,05,Tanta,156.217.111.234,no,,"",no,,https://i.imgur.com/1q731DL.png,
2220960987,3/27/2019 23:54:48,true,4666150201,,3/27/2019 23:52:02,false,clixsense,0.25,44916295,RUS,"","",90.154.4.56,no,,"",no,,https://i.imgur.com/1q731DL.png,
2220960987,3/27/2019 23:55:22,true,4666150988,,3/27/2019 23:53:44,false,feca,1.0,45178083,EGY,08,Gîza,45.106.74.136,no,,"",no,,https://i.imgur.com/1q731DL.png,
2220960987,3/27/2019 23:56:29,true,4666152378,,3/27/2019 23:55:17,false,clixsense,1.0,7344788,LVA,23,Rezekne,87.110.104.231,no,,"",no,,https://i.imgur.com/1q731DL.png,
2220960987,3/27/2019 23:56:34,true,4666152525,,3/27/2019 23:54:18,false,feca,1.0,45175206,EGY,06,Alexandria,41.42.184.155,no,,"",no,,https://i.imgur.com/1q731DL.png,
2220960987,3/27/2019 23:56:40,true,4666152618,,3/27/2019 23:53:33,false,clixsense,1.0,45029834,UKR,"","",37.73.204.2,no,,"",no,,https://i.imgur.com/1q731DL.png,
2220960987,3/27/2019 23:57:57,true,4666154164,,3/27/2019 23:55:33,false,clixsense,1.0,43953345,UKR,04,Dnepropetrovsk,91.227.151.16,no,,"",no,,https://i.imgur.com/1q731DL.png,
2220960987,3/28/2019 00:01:14,true,4666158283,,3/27/2019 23:59:10,false,feca,0.2,45161174,BIH,02,Prijedor,134.90.134.235,no,,"",no,,https://i.imgur.com/1q731DL.png,
2220960987,3/28/2019 00:19:25,true,4666182378,,3/28/2019 00:18:12,false,clixsense,1.0,44149136,UKR,03,Chernivtsi,195.88.138.72,no,,"",no,,https://i.imgur.com/1q731DL.png,
2220960987,3/28/2019 00:21:52,true,4666187178,,3/28/2019 00:16:42,false,clixsense,0.2,41067607,MYS,12,Batu Caves,43.252.233.39,no,,"",no,,https://i.imgur.com/1q731DL.png,
2220961025,3/27/2019 23:45:58,true,4666137257,true,3/27/2019 23:45:20,true,feca,0.0,45164659,VNM,83,Viet Tri,42.113.173.57,yes,Optional,snail,yes,,https://i.imgur.com/BhjGxoc.png,
2220961025,3/27/2019 23:46:05,true,4666137441,,3/27/2019 23:45:07,false,clixsense,1.0,44591122,UKR,"","",94.131.215.9,yes,,"",yes,,https://i.imgur.com/BhjGxoc.png,
2220961025,3/27/2019 23:47:36,true,4666139827,,3/27/2019 23:46:38,false,feca,1.0,45165171,SRB,00,Beograd,109.245.36.114,yes,,"",yes,,https://i.imgur.com/BhjGxoc.png,
2220961025,3/27/2019 23:47:42,true,4666140039,,3/27/2019 23:46:17,false,clixsense,1.0,44986011,UKR,03,Chernivtsi,176.120.42.150,yes,,"",yes,,https://i.imgur.com/BhjGxoc.png,
2220961025,3/27/2019 23:47:45,true,4666140098,true,3/27/2019 23:46:15,false,neodev,0.5,43996379,VEN,25,Caracas,186.185.98.61,yes,Optional,snail,yes,,https://i.imgur.com/BhjGxoc.png,
2220961025,3/27/2019 23:48:16,true,4666140933,,3/27/2019 23:47:49,false,feca,1.0,45166580,EGY,11,Cairo,196.133.0.242,yes,,"",yes,,https://i.imgur.com/BhjGxoc.png,
2220961025,3/27/2019 23:48:32,true,4666141350,true,3/27/2019 23:45:45,false,feca,0.25,45164219,ITA,20,Mestre,79.20.47.210,yes,Optional,snail,yes,,https://i.imgur.com/BhjGxoc.png,
2220961025,3/27/2019 23:49:42,true,4666143376,,3/27/2019 23:47:47,false,neodev,1.0,44200224,EGY,11,Cairo,197.41.59.72,yes,,"",yes,,https://i.imgur.com/BhjGxoc.png,
2220961025,3/27/2019 23:50:08,true,4666144010,true,3/27/2019 23:47:31,false,feca,0.5,45161460,BIH,01,Sarajevo,77.77.217.133,yes,Optional,snail,yes,,https://i.imgur.com/BhjGxoc.png,
2220961025,3/27/2019 23:51:07,true,4666145467,true,3/27/2019 23:45:34,true,feca,0.0,45158851,RUS,53,Novosibirsk,94.180.80.48,yes,Optional,snail,yes,,https://i.imgur.com/BhjGxoc.png,
2220961025,3/27/2019 23:51:13,true,4666145594,,3/27/2019 23:50:02,false,clixsense,1.0,44064918,UKR,"","",46.96.41.30,yes,,"",yes,,https://i.imgur.com/BhjGxoc.png,
2220961025,3/27/2019 23:52:20,true,4666147084,true,3/27/2019 23:48:51,false,feca,0.5,45155893,EGY,11,Cairo,41.237.15.222,yes,Optional,snail,yes,,https://i.imgur.com/BhjGxoc.png,
2220961025,3/27/2019 23:52:31,true,4666147329,,3/27/2019 23:50:49,false,clixsense,1.0,44510146,UKR,"","",37.73.203.75,yes,,"",yes,,https://i.imgur.com/BhjGxoc.png,
2220961025,3/27/2019 23:52:36,true,4666147536,true,3/27/2019 23:50:49,false,feca,0.625,45164269,EGY,"","",154.237.151.179,no,,"",yes,,https://i.imgur.com/BhjGxoc.png,
2220961025,3/27/2019 23:52:56,true,4666147929,,3/27/2019 23:50:50,false,feca,0.8571,45173711,SVK,"","",188.167.250.34,yes,,"",yes,,https://i.imgur.com/BhjGxoc.png,
2220961025,3/27/2019 23:53:00,true,4666148040,true,3/27/2019 23:52:20,false,clixsense,0.25,44732169,POL,78,Warsaw,46.112.85.12,no,,"",yes,,https://i.imgur.com/BhjGxoc.png,
2220961025,3/27/2019 23:53:26,true,4666148457,,3/27/2019 23:50:12,false,feca,1.0,45175206,EGY,06,Alexandria,41.42.184.155,yes,,"",yes,,https://i.imgur.com/BhjGxoc.png,
2220961025,3/27/2019 23:53:45,true,4666148810,,3/27/2019 23:53:12,false,feca,0.875,45172279,EGY,11,Cairo,156.216.20.139,yes,,"",yes,,https://i.imgur.com/BhjGxoc.png,
2220961025,3/27/2019 23:53:51,true,4666148912,,3/27/2019 23:52:35,false,feca,1.0,45159390,BRA,18,Londrina,201.54.76.205,yes,,"",yes,,https://i.imgur.com/BhjGxoc.png,
2220961025,3/27/2019 23:54:03,true,4666149081,true,3/27/2019 23:52:42,false,clixsense,0.25,35849301,USA,NY,New York,142.255.55.251,yes,Optional,snail,yes,,https://i.imgur.com/BhjGxoc.png,
2220961025,3/27/2019 23:54:10,true,4666149256,true,3/27/2019 23:51:58,false,feca,0.5,45175605,EGY,11,Cairo,41.235.28.115,yes,Optional,snail,yes,,https://i.imgur.com/BhjGxoc.png,
2220961025,3/27/2019 23:54:48,true,4666150200,true,3/27/2019 23:52:02,false,clixsense,0.25,44916295,RUS,"","",90.154.4.56,yes,Optional,snail,yes,,https://i.imgur.com/BhjGxoc.png,
2220961025,3/27/2019 23:55:07,true,4666150655,,3/27/2019 23:54:36,false,feca,0.875,45173767,EGY,05,Tanta,156.217.111.234,yes,,"",yes,,https://i.imgur.com/BhjGxoc.png,
2220961025,3/27/2019 23:55:15,true,4666150858,,3/27/2019 23:50:35,false,clixsense,1.0,7344788,LVA,23,Rezekne,87.110.104.231,yes,,"",yes,,https://i.imgur.com/BhjGxoc.png,
2220961025,3/27/2019 23:55:42,true,4666151385,,3/27/2019 23:55:25,false,feca,1.0,45178083,EGY,08,Gîza,45.106.74.136,yes,,"",yes,,https://i.imgur.com/BhjGxoc.png,
2220961025,3/27/2019 23:56:40,true,4666152612,,3/27/2019 23:53:33,false,clixsense,1.0,45029834,UKR,"","",37.73.204.2,yes,,"",yes,,https://i.imgur.com/BhjGxoc.png,
2220961025,3/27/2019 23:56:48,true,4666152757,,3/27/2019 23:55:54,false,feca,0.625,45163976,EGY,"","",102.184.187.10,yes,,"",yes,,https://i.imgur.com/BhjGxoc.png,
2220961025,3/28/2019 00:01:14,true,4666158279,true,3/27/2019 23:59:10,false,feca,0.2,45161174,BIH,02,Prijedor,134.90.134.235,yes,Optional,nail,yes,,https://i.imgur.com/BhjGxoc.png,
2220961025,3/28/2019 00:19:25,true,4666182375,,3/28/2019 00:18:12,false,clixsense,1.0,44149136,UKR,03,Chernivtsi,195.88.138.72,yes,,"",yes,,https://i.imgur.com/BhjGxoc.png,
2220961025,3/28/2019 00:21:52,true,4666187170,true,3/28/2019 00:16:42,false,clixsense,0.2,41067607,MYS,12,Batu Caves,43.252.233.39,yes,Optional,snail,yes,,https://i.imgur.com/BhjGxoc.png,
2220961292,3/27/2019 23:45:58,true,4666137252,true,3/27/2019 23:45:20,true,feca,0.0,45164659,VNM,83,Viet Tri,42.113.173.57,yes,Optional,snail,yes,,https://i.imgur.com/2D2CZkR.png,
2220961292,3/27/2019 23:47:20,true,4666139395,,3/27/2019 23:46:41,false,clixsense,1.0,44591122,UKR,"","",94.131.215.9,yes,,"",yes,,https://i.imgur.com/2D2CZkR.png,
2220961292,3/27/2019 23:47:36,true,4666139826,,3/27/2019 23:46:38,false,feca,1.0,45165171,SRB,00,Beograd,109.245.36.114,yes,,"",yes,,https://i.imgur.com/2D2CZkR.png,
2220961292,3/27/2019 23:48:14,true,4666140843,,3/27/2019 23:46:33,false,clixsense,1.0,44064918,UKR,"","",46.96.41.30,yes,,"",yes,,https://i.imgur.com/2D2CZkR.png,
2220961292,3/27/2019 23:49:21,true,4666142860,,3/27/2019 23:48:05,false,neodev,0.5,43996379,VEN,25,Caracas,186.185.98.61,yes,,"",yes,,https://i.imgur.com/2D2CZkR.png,
2220961292,3/27/2019 23:49:42,true,4666143370,,3/27/2019 23:47:47,false,neodev,1.0,44200224,EGY,11,Cairo,197.41.59.72,yes,,"",yes,,https://i.imgur.com/2D2CZkR.png,
2220961292,3/27/2019 23:50:08,true,4666144018,true,3/27/2019 23:47:31,false,feca,0.5,45161460,BIH,01,Sarajevo,77.77.217.133,yes,Optional,snail,yes,,https://i.imgur.com/2D2CZkR.png,
2220961292,3/27/2019 23:50:47,true,4666145035,,3/27/2019 23:49:08,false,clixsense,1.0,44510146,UKR,"","",37.73.203.75,yes,,"",yes,,https://i.imgur.com/2D2CZkR.png,
2220961292,3/27/2019 23:51:05,true,4666145438,true,3/27/2019 23:49:27,false,neodev,0.4,43207582,ARG,07,Flores,190.19.15.166,yes,Optional,snail,yes,,https://i.imgur.com/2D2CZkR.png,
2220961292,3/27/2019 23:51:07,true,4666145464,true,3/27/2019 23:45:34,true,feca,0.0,45158851,RUS,53,Novosibirsk,94.180.80.48,yes,Optional,snail,yes,,https://i.imgur.com/2D2CZkR.png,
2220961292,3/27/2019 23:51:44,true,4666146276,,3/27/2019 23:47:44,false,clixsense,1.0,44986011,UKR,03,Chernivtsi,176.120.42.150,yes,,"",yes,,https://i.imgur.com/2D2CZkR.png,
2220961292,3/27/2019 23:51:59,true,4666146627,true,3/27/2019 23:51:16,false,clixsense,0.25,44732169,POL,78,Warsaw,46.112.85.12,yes,Optional,snail,yes,,https://i.imgur.com/2D2CZkR.png,
2220961292,3/27/2019 23:52:20,true,4666147095,true,3/27/2019 23:48:51,false,feca,0.5,45155893,EGY,11,Cairo,41.237.15.222,yes,Optional,snail,yes,,https://i.imgur.com/2D2CZkR.png,
2220961292,3/27/2019 23:52:29,true,4666147261,true,3/27/2019 23:50:04,false,feca,0.625,45163976,EGY,"","",102.184.187.10,yes,Optional,seasnail,yes,,https://i.imgur.com/2D2CZkR.png,
2220961292,3/27/2019 23:52:32,true,4666147342,true,3/27/2019 23:49:13,false,feca,0.25,45164219,ITA,20,Mestre,79.20.47.210,yes,Optional,nothing,yes,,https://i.imgur.com/2D2CZkR.png,
2220961292,3/27/2019 23:52:36,true,4666147534,true,3/27/2019 23:50:49,false,feca,0.625,45164269,EGY,"","",154.237.151.179,no,,"",yes,,https://i.imgur.com/2D2CZkR.png,
2220961292,3/27/2019 23:53:04,true,4666148140,true,3/27/2019 23:51:40,false,feca,0.875,45172279,EGY,11,Cairo,156.216.20.139,no,,"",yes,,https://i.imgur.com/2D2CZkR.png,
2220961292,3/27/2019 23:53:26,true,4666148467,,3/27/2019 23:50:12,false,feca,1.0,45175206,EGY,06,Alexandria,41.42.184.155,yes,,"",yes,,https://i.imgur.com/2D2CZkR.png,
2220961292,3/27/2019 23:54:27,true,4666149615,true,3/27/2019 23:53:49,false,feca,0.875,45173767,EGY,05,Tanta,156.217.111.234,no,,"",yes,,https://i.imgur.com/2D2CZkR.png,
2220961292,3/27/2019 23:54:51,true,4666150261,true,3/27/2019 23:50:11,false,feca,0.2,45167110,SRB,00,Belgrade,77.46.231.161,yes,Optional,snail,yes,,https://i.imgur.com/2D2CZkR.png,
2220961292,3/27/2019 23:55:15,true,4666150855,,3/27/2019 23:50:35,false,clixsense,1.0,7344788,LVA,23,Rezekne,87.110.104.231,yes,,"",yes,,https://i.imgur.com/2D2CZkR.png,
2220961292,3/27/2019 23:55:22,true,4666150985,,3/27/2019 23:53:44,false,feca,1.0,45178083,EGY,08,Gîza,45.106.74.136,yes,,"",yes,,https://i.imgur.com/2D2CZkR.png,
2220961292,3/27/2019 23:56:07,true,4666151892,,3/27/2019 23:55:53,false,feca,0.5,45175605,EGY,11,Cairo,41.235.28.115,yes,,"",yes,,https://i.imgur.com/2D2CZkR.png,
2220961292,3/27/2019 23:56:40,true,4666152629,,3/27/2019 23:53:33,false,clixsense,1.0,45029834,UKR,"","",37.73.204.2,yes,,"",yes,,https://i.imgur.com/2D2CZkR.png,
2220961292,3/27/2019 23:56:50,true,4666152817,true,3/27/2019 23:56:18,false,clixsense,0.25,35849301,USA,NY,New York,142.255.55.251,yes,Optional,snail,yes,,https://i.imgur.com/2D2CZkR.png,
2220961292,3/27/2019 23:57:24,true,4666153401,true,3/27/2019 23:56:49,false,clixsense,0.25,44916295,RUS,"","",90.154.4.56,yes,Optional,snail,yes,,https://i.imgur.com/2D2CZkR.png,
2220961292,3/27/2019 23:57:35,true,4666153606,,3/27/2019 23:53:54,false,feca,1.0,45159390,BRA,18,Londrina,201.54.76.205,yes,,"",yes,,https://i.imgur.com/2D2CZkR.png,
2220961292,3/27/2019 23:57:42,true,4666153761,,3/27/2019 23:57:18,false,feca,0.4286,45156452,VEN,07,Valencia,201.249.25.198,yes,,"",yes,,https://i.imgur.com/2D2CZkR.png,
2220961292,3/27/2019 23:57:57,true,4666154149,,3/27/2019 23:55:33,false,clixsense,1.0,43953345,UKR,04,Dnepropetrovsk,91.227.151.16,yes,,"",yes,,https://i.imgur.com/2D2CZkR.png,
2220961292,3/28/2019 00:01:14,true,4666158282,true,3/27/2019 23:59:10,false,feca,0.2,45161174,BIH,02,Prijedor,134.90.134.235,yes,Optional,nail,yes,,https://i.imgur.com/2D2CZkR.png,
2220961292,3/28/2019 00:19:25,true,4666182382,,3/28/2019 00:18:12,false,clixsense,1.0,44149136,UKR,03,Chernivtsi,195.88.138.72,yes,,"",yes,,https://i.imgur.com/2D2CZkR.png,
2220961292,3/28/2019 00:21:52,true,4666187179,true,3/28/2019 00:16:42,false,clixsense,0.2,41067607,MYS,12,Batu Caves,43.252.233.39,yes,Optional,snail,yes,,https://i.imgur.com/2D2CZkR.png,
2220961359,3/27/2019 23:45:58,true,4666137262,true,3/27/2019 23:45:20,true,feca,0.0,45164659,VNM,83,Viet Tri,42.113.173.57,yes,Optional,snail,yes,,https://i.imgur.com/SfvR06h.png,
2220961359,3/27/2019 23:46:39,true,4666138315,,3/27/2019 23:46:06,false,clixsense,1.0,44591122,UKR,"","",94.131.215.9,yes,,"",yes,,https://i.imgur.com/SfvR06h.png,
2220961359,3/27/2019 23:47:33,true,4666139768,true,3/27/2019 23:46:09,false,feca,0.4286,45156452,VEN,07,Valencia,201.249.25.198,yes,Optional,snail,yes,,https://i.imgur.com/SfvR06h.png,
2220961359,3/27/2019 23:47:36,true,4666139828,,3/27/2019 23:46:38,false,feca,1.0,45165171,SRB,00,Beograd,109.245.36.114,yes,,"",yes,,https://i.imgur.com/SfvR06h.png,
2220961359,3/27/2019 23:47:42,true,4666140044,,3/27/2019 23:46:17,false,clixsense,1.0,44986011,UKR,03,Chernivtsi,176.120.42.150,yes,,"",yes,,https://i.imgur.com/SfvR06h.png,
2220961359,3/27/2019 23:47:45,true,4666140090,true,3/27/2019 23:46:15,false,neodev,0.5,43996379,VEN,25,Caracas,186.185.98.61,yes,Optional,snail,yes,,https://i.imgur.com/SfvR06h.png,
2220961359,3/27/2019 23:48:18,true,4666140994,,3/27/2019 23:47:03,false,clixsense,1.0,44510146,UKR,"","",37.73.203.75,yes,,"",yes,,https://i.imgur.com/SfvR06h.png,
2220961359,3/27/2019 23:48:31,true,4666141315,,3/27/2019 23:47:47,false,feca,0.8571,45173711,SVK,"","",188.167.250.34,yes,,"",yes,,https://i.imgur.com/SfvR06h.png,
2220961359,3/27/2019 23:48:32,true,4666141352,true,3/27/2019 23:45:45,false,feca,0.25,45164219,ITA,20,Mestre,79.20.47.210,yes,Optional,snail,yes,,https://i.imgur.com/SfvR06h.png,
2220961359,3/27/2019 23:49:42,true,4666143379,,3/27/2019 23:47:47,false,neodev,1.0,44200224,EGY,11,Cairo,197.41.59.72,yes,,"",yes,,https://i.imgur.com/SfvR06h.png,
2220961359,3/27/2019 23:49:59,true,4666143829,,3/27/2019 23:48:58,false,clixsense,1.0,44064918,UKR,"","",46.96.41.30,yes,,"",yes,,https://i.imgur.com/SfvR06h.png,
2220961359,3/27/2019 23:50:42,true,4666144908,,3/27/2019 23:50:26,false,feca,0.5,45161460,BIH,01,Sarajevo,77.77.217.133,yes,,"",yes,,https://i.imgur.com/SfvR06h.png,
2220961359,3/27/2019 23:51:05,true,4666145436,true,3/27/2019 23:49:27,false,neodev,0.4,43207582,ARG,07,Flores,190.19.15.166,yes,Optional,snail,yes,,https://i.imgur.com/SfvR06h.png,
2220961359,3/27/2019 23:51:07,true,4666145462,true,3/27/2019 23:45:34,true,feca,0.0,45158851,RUS,53,Novosibirsk,94.180.80.48,yes,Optional,snail,yes,,https://i.imgur.com/SfvR06h.png,
2220961359,3/27/2019 23:51:56,true,4666146587,,3/27/2019 23:51:09,false,feca,1.0,45159390,BRA,18,Londrina,201.54.76.205,yes,,"",yes,,https://i.imgur.com/SfvR06h.png,
2220961359,3/27/2019 23:51:59,true,4666146632,true,3/27/2019 23:51:16,false,clixsense,0.25,44732169,POL,78,Warsaw,46.112.85.12,yes,Optional,snail,yes,,https://i.imgur.com/SfvR06h.png,
2220961359,3/27/2019 23:52:20,true,4666147099,true,3/27/2019 23:48:51,false,feca,0.5,45155893,EGY,11,Cairo,41.237.15.222,yes,Optional,snail,yes,,https://i.imgur.com/SfvR06h.png,
2220961359,3/27/2019 23:53:26,true,4666148465,,3/27/2019 23:50:12,false,feca,1.0,45175206,EGY,06,Alexandria,41.42.184.155,yes,,"",yes,,https://i.imgur.com/SfvR06h.png,
2220961359,3/27/2019 23:54:03,true,4666149083,true,3/27/2019 23:52:42,false,clixsense,0.25,35849301,USA,NY,New York,142.255.55.251,yes,Optional,snail,yes,,https://i.imgur.com/SfvR06h.png,
2220961359,3/27/2019 23:54:10,true,4666149258,true,3/27/2019 23:51:58,false,feca,0.5,45175605,EGY,11,Cairo,41.235.28.115,yes,Optional,snail,yes,,https://i.imgur.com/SfvR06h.png,
2220961359,3/27/2019 23:54:20,true,4666149519,,3/27/2019 23:53:47,false,feca,0.875,45172279,EGY,11,Cairo,156.216.20.139,yes,,"",yes,,https://i.imgur.com/SfvR06h.png,
2220961359,3/27/2019 23:54:27,true,4666149609,,3/27/2019 23:53:49,false,feca,0.875,45173767,EGY,05,Tanta,156.217.111.234,yes,,"",yes,,https://i.imgur.com/SfvR06h.png,
2220961359,3/27/2019 23:54:48,true,4666150202,true,3/27/2019 23:52:02,false,clixsense,0.25,44916295,RUS,"","",90.154.4.56,yes,Optional,snail,yes,,https://i.imgur.com/SfvR06h.png,
2220961359,3/27/2019 23:54:51,true,4666150258,true,3/27/2019 23:50:11,false,feca,0.2,45167110,SRB,00,Belgrade,77.46.231.161,yes,Optional,snail,yes,,https://i.imgur.com/SfvR06h.png,
2220961359,3/27/2019 23:54:56,true,4666150404,,3/27/2019 23:53:59,false,feca,0.625,45163976,EGY,"","",102.184.187.10,yes,,"",yes,,https://i.imgur.com/SfvR06h.png,
2220961359,3/27/2019 23:55:22,true,4666150986,,3/27/2019 23:53:44,false,feca,1.0,45178083,EGY,08,Gîza,45.106.74.136,yes,,"",yes,,https://i.imgur.com/SfvR06h.png,
2220961359,3/27/2019 23:55:53,true,4666151599,,3/27/2019 23:55:37,false,feca,0.625,45164269,EGY,"","",154.237.151.179,yes,,"",yes,,https://i.imgur.com/SfvR06h.png,
2220961359,3/27/2019 23:57:04,true,4666153078,,3/27/2019 23:56:43,false,clixsense,1.0,45029834,UKR,"","",37.73.204.2,yes,,"",yes,,https://i.imgur.com/SfvR06h.png,
2220961359,3/27/2019 23:57:23,true,4666153357,,3/27/2019 23:56:30,false,clixsense,1.0,7344788,LVA,23,Rezekne,87.110.104.231,yes,,"",yes,,https://i.imgur.com/SfvR06h.png,
2220961359,3/27/2019 23:59:30,true,4666156162,,3/27/2019 23:59:09,false,clixsense,1.0,43953345,UKR,04,Dnepropetrovsk,91.227.151.16,yes,,"",yes,,https://i.imgur.com/SfvR06h.png,
2220961359,3/28/2019 00:01:14,true,4666158281,true,3/27/2019 23:59:10,false,feca,0.2,45161174,BIH,02,Prijedor,134.90.134.235,yes,Optional,nail,yes,,https://i.imgur.com/SfvR06h.png,
2220961359,3/28/2019 00:19:25,true,4666182385,,3/28/2019 00:18:12,false,clixsense,1.0,44149136,UKR,03,Chernivtsi,195.88.138.72,yes,,"",yes,,https://i.imgur.com/SfvR06h.png,
2220961359,3/28/2019 00:21:52,true,4666187174,true,3/28/2019 00:16:42,false,clixsense,0.2,41067607,MYS,12,Batu Caves,43.252.233.39,yes,Optional,snail,yes,,https://i.imgur.com/SfvR06h.png,
2220961402,3/27/2019 23:45:58,true,4666137260,true,3/27/2019 23:45:20,true,feca,0.0,45164659,VNM,83,Viet Tri,42.113.173.57,yes,Optional,snail,yes,,https://i.imgur.com/SMlFTQ6.png,
2220961402,3/27/2019 23:46:05,true,4666137444,,3/27/2019 23:45:07,false,clixsense,1.0,44591122,UKR,"","",94.131.215.9,yes,,"",yes,,https://i.imgur.com/SMlFTQ6.png,
2220961402,3/27/2019 23:47:33,true,4666139771,true,3/27/2019 23:46:09,false,feca,0.4286,45156452,VEN,07,Valencia,201.249.25.198,yes,Optional,snail,yes,,https://i.imgur.com/SMlFTQ6.png,
2220961402,3/27/2019 23:47:42,true,4666140032,,3/27/2019 23:46:17,false,clixsense,1.0,44986011,UKR,03,Chernivtsi,176.120.42.150,yes,,"",yes,,https://i.imgur.com/SMlFTQ6.png,
2220961402,3/27/2019 23:47:45,true,4666140089,true,3/27/2019 23:46:15,false,neodev,0.5,43996379,VEN,25,Caracas,186.185.98.61,yes,Optional,snail,yes,,https://i.imgur.com/SMlFTQ6.png,
2220961402,3/27/2019 23:48:14,true,4666140836,,3/27/2019 23:46:33,false,clixsense,1.0,44064918,UKR,"","",46.96.41.30,yes,,"",yes,,https://i.imgur.com/SMlFTQ6.png,
2220961402,3/27/2019 23:48:16,true,4666140934,,3/27/2019 23:47:49,false,feca,1.0,45166580,EGY,11,Cairo,196.133.0.242,yes,,"",yes,,https://i.imgur.com/SMlFTQ6.png,
2220961402,3/27/2019 23:48:18,true,4666140999,,3/27/2019 23:47:03,false,clixsense,1.0,44510146,UKR,"","",37.73.203.75,yes,,"",yes,,https://i.imgur.com/SMlFTQ6.png,
2220961402,3/27/2019 23:48:19,true,4666141021,,3/27/2019 23:47:38,false,feca,1.0,45165171,SRB,00,Beograd,109.245.36.114,yes,,"",yes,,https://i.imgur.com/SMlFTQ6.png,
2220961402,3/27/2019 23:48:32,true,4666141349,true,3/27/2019 23:45:45,false,feca,0.25,45164219,ITA,20,Mestre,79.20.47.210,yes,Optional,snail,yes,,https://i.imgur.com/SMlFTQ6.png,
2220961402,3/27/2019 23:49:42,true,4666143373,,3/27/2019 23:47:47,false,neodev,1.0,44200224,EGY,11,Cairo,197.41.59.72,yes,,"",yes,,https://i.imgur.com/SMlFTQ6.png,
2220961402,3/27/2019 23:50:08,true,4666144012,true,3/27/2019 23:47:31,false,feca,0.5,45161460,BIH,01,Sarajevo,77.77.217.133,yes,Optional,snail,yes,,https://i.imgur.com/SMlFTQ6.png,
2220961402,3/27/2019 23:50:48,true,4666145094,,3/27/2019 23:48:46,false,feca,0.8571,45173711,SVK,"","",188.167.250.34,yes,,"",yes,,https://i.imgur.com/SMlFTQ6.png,
2220961402,3/27/2019 23:51:07,true,4666145468,true,3/27/2019 23:45:34,true,feca,0.0,45158851,RUS,53,Novosibirsk,94.180.80.48,yes,Optional,snail,yes,,https://i.imgur.com/SMlFTQ6.png,
2220961402,3/27/2019 23:51:59,true,4666146630,true,3/27/2019 23:51:16,false,clixsense,0.25,44732169,POL,78,Warsaw,46.112.85.12,yes,Optional,snail,yes,,https://i.imgur.com/SMlFTQ6.png,
2220961402,3/27/2019 23:52:33,true,4666147396,,3/27/2019 23:51:58,false,feca,1.0,45159390,BRA,18,Londrina,201.54.76.205,yes,,"",yes,,https://i.imgur.com/SMlFTQ6.png,
2220961402,3/27/2019 23:53:04,true,4666148126,,3/27/2019 23:51:40,false,feca,0.875,45172279,EGY,11,Cairo,156.216.20.139,yes,,"",yes,,https://i.imgur.com/SMlFTQ6.png,
2220961402,3/27/2019 23:54:16,true,4666149389,,3/27/2019 23:53:29,false,feca,1.0,45175206,EGY,06,Alexandria,41.42.184.155,yes,,"",yes,,https://i.imgur.com/SMlFTQ6.png,
2220961402,3/27/2019 23:54:29,true,4666149713,,3/27/2019 23:53:59,false,feca,0.5,45155893,EGY,11,Cairo,41.237.15.222,yes,,"",yes,,https://i.imgur.com/SMlFTQ6.png,
2220961402,3/27/2019 23:54:51,true,4666150266,true,3/27/2019 23:50:11,false,feca,0.2,45167110,SRB,00,Belgrade,77.46.231.161,yes,Optional,snail,yes,,https://i.imgur.com/SMlFTQ6.png,
2220961402,3/27/2019 23:55:01,true,4666150506,true,3/27/2019 23:54:38,false,feca,0.5,45175605,EGY,11,Cairo,41.235.28.115,no,,"",yes,,https://i.imgur.com/SMlFTQ6.png,
2220961402,3/27/2019 23:55:15,true,4666150852,,3/27/2019 23:50:35,false,clixsense,1.0,7344788,LVA,23,Rezekne,87.110.104.231,yes,,"",yes,,https://i.imgur.com/SMlFTQ6.png,
2220961402,3/27/2019 23:55:21,true,4666150978,,3/27/2019 23:52:56,false,feca,0.625,45164269,EGY,"","",154.237.151.179,yes,,"",yes,,https://i.imgur.com/SMlFTQ6.png,
2220961402,3/27/2019 23:55:40,true,4666151359,,3/27/2019 23:55:09,false,feca,0.875,45173767,EGY,05,Tanta,156.217.111.234,yes,,"",yes,,https://i.imgur.com/SMlFTQ6.png,
2220961402,3/27/2019 23:55:52,true,4666151566,,3/27/2019 23:54:58,false,feca,0.625,45163976,EGY,"","",102.184.187.10,yes,,"",yes,,https://i.imgur.com/SMlFTQ6.png,
2220961402,3/27/2019 23:56:03,true,4666151837,,3/27/2019 23:55:44,false,feca,1.0,45178083,EGY,08,Gîza,45.106.74.136,yes,,"",yes,,https://i.imgur.com/SMlFTQ6.png,
2220961402,3/27/2019 23:56:08,true,4666151911,true,3/27/2019 23:54:21,false,clixsense,0.25,35849301,USA,NY,New York,142.255.55.251,no,,"",yes,,https://i.imgur.com/SMlFTQ6.png,
2220961402,3/27/2019 23:56:29,true,4666152387,true,3/27/2019 23:56:01,false,clixsense,0.25,44916295,RUS,"","",90.154.4.56,no,,"",yes,,https://i.imgur.com/SMlFTQ6.png,
2220961402,3/27/2019 23:56:40,true,4666152625,,3/27/2019 23:53:33,false,clixsense,1.0,45029834,UKR,"","",37.73.204.2,yes,,"",yes,,https://i.imgur.com/SMlFTQ6.png,
2220961402,3/27/2019 23:57:57,true,4666154154,,3/27/2019 23:55:33,false,clixsense,1.0,43953345,UKR,04,Dnepropetrovsk,91.227.151.16,yes,,"",yes,,https://i.imgur.com/SMlFTQ6.png,
2220961402,3/28/2019 00:19:58,true,4666183465,,3/28/2019 00:19:27,false,clixsense,1.0,44149136,UKR,03,Chernivtsi,195.88.138.72,yes,,"",yes,,https://i.imgur.com/SMlFTQ6.png,
2220962052,3/27/2019 23:46:05,true,4666137450,,3/27/2019 23:45:07,false,clixsense,1.0,44591122,UKR,"","",94.131.215.9,no,,"",no,,https://i.imgur.com/slPMbss.png,
2220962052,3/27/2019 23:47:45,true,4666140096,,3/27/2019 23:46:15,false,neodev,0.5,43996379,VEN,25,Caracas,186.185.98.61,no,,"",no,,https://i.imgur.com/slPMbss.png,
2220962052,3/27/2019 23:48:18,true,4666140988,,3/27/2019 23:47:03,false,clixsense,1.0,44510146,UKR,"","",37.73.203.75,no,,"",no,,https://i.imgur.com/slPMbss.png,
2220962052,3/27/2019 23:48:31,true,4666141319,,3/27/2019 23:47:47,false,feca,0.8571,45173711,SVK,"","",188.167.250.34,no,,"",no,,https://i.imgur.com/slPMbss.png,
2220962052,3/27/2019 23:48:32,true,4666141355,,3/27/2019 23:45:45,false,feca,0.25,45164219,ITA,20,Mestre,79.20.47.210,no,,"",no,,https://i.imgur.com/slPMbss.png,
2220962052,3/27/2019 23:48:56,true,4666142114,,3/27/2019 23:48:17,false,clixsense,1.0,44064918,UKR,"","",46.96.41.30,no,,"",no,,https://i.imgur.com/slPMbss.png,
2220962052,3/27/2019 23:49:42,true,4666143372,,3/27/2019 23:47:47,false,neodev,1.0,44200224,EGY,11,Cairo,197.41.59.72,no,,"",no,,https://i.imgur.com/slPMbss.png,
2220962052,3/27/2019 23:51:01,true,4666145357,,3/27/2019 23:50:44,false,feca,0.5,45161460,BIH,01,Sarajevo,77.77.217.133,no,,"",no,,https://i.imgur.com/slPMbss.png,
2220962052,3/27/2019 23:51:05,true,4666145435,,3/27/2019 23:49:27,false,neodev,0.4,43207582,ARG,07,Flores,190.19.15.166,no,,"",no,,https://i.imgur.com/slPMbss.png,
2220962052,3/27/2019 23:51:56,true,4666146591,,3/27/2019 23:51:09,false,feca,1.0,45159390,BRA,18,Londrina,201.54.76.205,no,,"",no,,https://i.imgur.com/slPMbss.png,
2220962052,3/27/2019 23:51:59,true,4666146629,,3/27/2019 23:51:16,false,clixsense,0.25,44732169,POL,78,Warsaw,46.112.85.12,no,,"",no,,https://i.imgur.com/slPMbss.png,
2220962052,3/27/2019 23:52:20,true,4666147091,,3/27/2019 23:48:51,false,feca,0.5,45155893,EGY,11,Cairo,41.237.15.222,no,,"",no,,https://i.imgur.com/slPMbss.png,
2220962052,3/27/2019 23:52:29,true,4666147250,,3/27/2019 23:50:04,false,feca,0.625,45163976,EGY,"","",102.184.187.10,no,,"",no,,https://i.imgur.com/slPMbss.png,
2220962052,3/27/2019 23:52:36,true,4666147525,,3/27/2019 23:50:49,false,feca,0.625,45164269,EGY,"","",154.237.151.179,no,,"",no,,https://i.imgur.com/slPMbss.png,
2220962052,3/27/2019 23:52:56,true,4666147928,,3/27/2019 23:52:28,false,clixsense,1.0,44986011,UKR,03,Chernivtsi,176.120.42.150,no,,"",no,,https://i.imgur.com/slPMbss.png,
2220962052,3/27/2019 23:53:04,true,4666148132,,3/27/2019 23:51:40,false,feca,0.875,45172279,EGY,11,Cairo,156.216.20.139,no,,"",no,,https://i.imgur.com/slPMbss.png,
2220962052,3/27/2019 23:54:03,true,4666149078,,3/27/2019 23:52:42,false,clixsense,0.25,35849301,USA,NY,New York,142.255.55.251,no,,"",no,,https://i.imgur.com/slPMbss.png,
2220962052,3/27/2019 23:54:10,true,4666149261,,3/27/2019 23:51:58,false,feca,0.5,45175605,EGY,11,Cairo,41.235.28.115,no,,"",no,,https://i.imgur.com/slPMbss.png,
2220962052,3/27/2019 23:54:51,true,4666150263,,3/27/2019 23:50:11,false,feca,0.2,45167110,SRB,00,Belgrade,77.46.231.161,no,,"",no,,https://i.imgur.com/slPMbss.png,
2220962052,3/27/2019 23:55:15,true,4666150862,,3/27/2019 23:50:35,false,clixsense,1.0,7344788,LVA,23,Rezekne,87.110.104.231,no,,"",no,,https://i.imgur.com/slPMbss.png,
2220962052,3/27/2019 23:55:58,true,4666151733,,3/27/2019 23:55:23,false,clixsense,0.25,44916295,RUS,"","",90.154.4.56,no,,"",no,,https://i.imgur.com/slPMbss.png,
2220962052,3/27/2019 23:56:13,true,4666152014,,3/27/2019 23:55:43,false,feca,0.875,45173767,EGY,05,Tanta,156.217.111.234,no,,"",no,,https://i.imgur.com/slPMbss.png,
2220962052,3/27/2019 23:56:21,true,4666152193,,3/27/2019 23:56:05,false,feca,1.0,45178083,EGY,08,Gîza,45.106.74.136,no,,"",no,,https://i.imgur.com/slPMbss.png,
2220962052,3/27/2019 23:56:40,true,4666152622,,3/27/2019 23:53:33,false,clixsense,1.0,45029834,UKR,"","",37.73.204.2,no,,"",no,,https://i.imgur.com/slPMbss.png,
2220962052,3/27/2019 23:57:57,true,4666154158,,3/27/2019 23:55:33,false,clixsense,1.0,43953345,UKR,04,Dnepropetrovsk,91.227.151.16,no,,"",no,,https://i.imgur.com/slPMbss.png,
2220962052,3/27/2019 23:58:07,true,4666154434,,3/27/2019 23:56:36,false,feca,1.0,45175206,EGY,06,Alexandria,41.42.184.155,no,,"",no,,https://i.imgur.com/slPMbss.png,
2220962052,3/28/2019 00:21:33,true,4666186477,,3/28/2019 00:21:02,false,feca,0.4286,45156452,VEN,07,Valencia,201.249.25.198,no,,"",no,,https://i.imgur.com/slPMbss.png,
2220962052,3/28/2019 00:22:08,true,4666187742,,3/28/2019 00:20:00,false,clixsense,1.0,44149136,UKR,03,Chernivtsi,195.88.138.72,no,,"",no,,https://i.imgur.com/slPMbss.png,
2220962407,3/27/2019 23:47:33,true,4666139770,true,3/27/2019 23:46:09,false,feca,0.4286,45156452,VEN,07,Valencia,201.249.25.198,yes,Optional,snail,yes,,https://i.imgur.com/PwzjR0E.png,
2220962407,3/27/2019 23:47:36,true,4666139830,,3/27/2019 23:46:38,false,feca,1.0,45165171,SRB,00,Beograd,109.245.36.114,yes,,"",yes,,https://i.imgur.com/PwzjR0E.png,
2220962407,3/27/2019 23:47:42,true,4666140050,,3/27/2019 23:46:17,false,clixsense,1.0,44986011,UKR,03,Chernivtsi,176.120.42.150,yes,,"",yes,,https://i.imgur.com/PwzjR0E.png,
2220962407,3/27/2019 23:48:14,true,4666140845,,3/27/2019 23:46:33,false,clixsense,1.0,44064918,UKR,"","",46.96.41.30,yes,,"",yes,,https://i.imgur.com/PwzjR0E.png,
2220962407,3/27/2019 23:48:16,true,4666140929,,3/27/2019 23:47:22,false,clixsense,1.0,44591122,UKR,"","",94.131.215.9,yes,,"",yes,,https://i.imgur.com/PwzjR0E.png,
2220962407,3/27/2019 23:48:16,true,4666140932,,3/27/2019 23:47:49,false,feca,1.0,45166580,EGY,11,Cairo,196.133.0.242,yes,,"",yes,,https://i.imgur.com/PwzjR0E.png,
2220962407,3/27/2019 23:48:31,true,4666141310,,3/27/2019 23:47:47,false,feca,0.8571,45173711,SVK,"","",188.167.250.34,yes,,"",yes,,https://i.imgur.com/PwzjR0E.png,
2220962407,3/27/2019 23:48:32,true,4666141347,true,3/27/2019 23:45:45,false,feca,0.25,45164219,ITA,20,Mestre,79.20.47.210,yes,Optional,snail,yes,,https://i.imgur.com/PwzjR0E.png,
2220962407,3/27/2019 23:49:07,true,4666142444,,3/27/2019 23:48:20,false,clixsense,1.0,44510146,UKR,"","",37.73.203.75,yes,,"",yes,,https://i.imgur.com/PwzjR0E.png,
2220962407,3/27/2019 23:50:14,true,4666144213,,3/27/2019 23:49:56,false,neodev,0.5,43996379,VEN,25,Caracas,186.185.98.61,yes,,"",yes,,https://i.imgur.com/PwzjR0E.png,
2220962407,3/27/2019 23:50:48,true,4666145086,,3/27/2019 23:50:30,false,neodev,1.0,44200224,EGY,11,Cairo,197.41.59.72,yes,,"",yes,,https://i.imgur.com/PwzjR0E.png,
2220962407,3/27/2019 23:51:07,true,4666145465,true,3/27/2019 23:45:34,true,feca,0.0,45158851,RUS,53,Novosibirsk,94.180.80.48,yes,Optional,snail,yes,,https://i.imgur.com/PwzjR0E.png,
2220962407,3/27/2019 23:51:17,true,4666145709,,3/27/2019 23:51:03,false,feca,0.5,45161460,BIH,01,Sarajevo,77.77.217.133,yes,,"",yes,,https://i.imgur.com/PwzjR0E.png,
2220962407,3/27/2019 23:51:56,true,4666146583,,3/27/2019 23:51:09,false,feca,1.0,45159390,BRA,18,Londrina,201.54.76.205,yes,,"",yes,,https://i.imgur.com/PwzjR0E.png,
2220962407,3/27/2019 23:52:29,true,4666147264,true,3/27/2019 23:50:04,false,feca,0.625,45163976,EGY,"","",102.184.187.10,yes,Optional,seasnail,yes,,https://i.imgur.com/PwzjR0E.png,
2220962407,3/27/2019 23:52:36,true,4666147532,true,3/27/2019 23:50:49,false,feca,0.625,45164269,EGY,"","",154.237.151.179,no,,"",yes,,https://i.imgur.com/PwzjR0E.png,
2220962407,3/27/2019 23:53:22,true,4666148391,,3/27/2019 23:52:33,false,feca,0.5,45155893,EGY,11,Cairo,41.237.15.222,yes,,"",yes,,https://i.imgur.com/PwzjR0E.png,
2220962407,3/27/2019 23:53:26,true,4666148471,,3/27/2019 23:50:12,false,feca,1.0,45175206,EGY,06,Alexandria,41.42.184.155,yes,,"",yes,,https://i.imgur.com/PwzjR0E.png,
2220962407,3/27/2019 23:53:45,true,4666148818,true,3/27/2019 23:53:13,false,clixsense,0.25,44732169,POL,78,Warsaw,46.112.85.12,no,,"",yes,,https://i.imgur.com/PwzjR0E.png,
2220962407,3/27/2019 23:54:27,true,4666149607,,3/27/2019 23:53:49,false,feca,0.875,45173767,EGY,05,Tanta,156.217.111.234,yes,,"",yes,,https://i.imgur.com/PwzjR0E.png,
2220962407,3/27/2019 23:54:48,true,4666150199,true,3/27/2019 23:52:02,false,clixsense,0.25,44916295,RUS,"","",90.154.4.56,yes,Optional,snail,yes,,https://i.imgur.com/PwzjR0E.png,
2220962407,3/27/2019 23:54:51,true,4666150264,true,3/27/2019 23:50:11,false,feca,0.2,45167110,SRB,00,Belgrade,77.46.231.161,yes,Optional,snail,yes,,https://i.imgur.com/PwzjR0E.png,
2220962407,3/27/2019 23:54:53,true,4666150351,,3/27/2019 23:54:23,false,feca,0.875,45172279,EGY,11,Cairo,156.216.20.139,yes,,"",yes,,https://i.imgur.com/PwzjR0E.png,
2220962407,3/27/2019 23:55:22,true,4666150987,,3/27/2019 23:53:44,false,feca,1.0,45178083,EGY,08,Gîza,45.106.74.136,yes,,"",yes,,https://i.imgur.com/PwzjR0E.png,
2220962407,3/27/2019 23:57:53,true,4666154052,true,3/27/2019 23:57:01,false,clixsense,0.25,35849301,USA,NY,New York,142.255.55.251,no,,"",yes,,https://i.imgur.com/PwzjR0E.png,
2220962407,3/27/2019 23:58:01,true,4666154257,,3/27/2019 23:57:31,false,clixsense,1.0,45029834,UKR,"","",37.73.204.2,yes,,"",yes,,https://i.imgur.com/PwzjR0E.png,
2220962407,3/27/2019 23:58:22,true,4666154788,,3/27/2019 23:57:24,false,clixsense,1.0,7344788,LVA,23,Rezekne,87.110.104.231,yes,,"",yes,,https://i.imgur.com/PwzjR0E.png,
2220962407,3/28/2019 00:02:49,true,4666160275,,3/27/2019 23:56:09,false,feca,0.5,45175605,EGY,11,Cairo,41.235.28.115,yes,,"",yes,,https://i.imgur.com/PwzjR0E.png,
